{
  "SaveName": "Base Size Chart",
  "GameMode": "Sandbox",
  "Gravity": 0.5,
  "PlayArea": 0.5,
  "Date": "3/1/2020 12:14:27 AM",
  "Table": "Table_RPG",
  "Sky": "Sky_Tunnel",
  "Note": "",
  "Rules": "",
  "XmlUI": "<!-- Xml UI. See documentation: https://api.tabletopsimulator.com/ui/introUI/ -->",
  "LuaScript": "--[[ Lua code. See documentation: http://berserk-games.com/knowledgebase/scripting/ --]]\n\n--[[ The OnLoad function. This is called after everything in the game save finishes loading.\nMost of your script code goes here. --]]\nfunction onload()\n    --[[ print('Onload!') --]]\nend\n\n--[[ The Update function. This is called once per frame. --]]\nfunction update ()\n    --[[ print('Update loop!') --]]\nend",
  "LuaScriptState": "",
  "MusicPlayer": {
    "RepeatSong": false,
    "PlaylistEntry": 0,
    "CurrentAudioTitle": "Alien Theme",
    "CurrentAudioURL": "http://cloud-3.steamusercontent.com/ugc/793117274870675404/6DDF8D1FD55F3D176CDEE90085C2900CFCB2DCF6/",
    "AudioLibrary": [
      {
        "Item1": "http://cloud-3.steamusercontent.com/ugc/793117274870675404/6DDF8D1FD55F3D176CDEE90085C2900CFCB2DCF6/",
        "Item2": "Alien Theme"
      }
    ]
  },
  "Grid": {
    "Type": 0,
    "Lines": false,
    "Color": {
      "r": 0.0,
      "g": 0.0,
      "b": 0.0
    },
    "Opacity": 0.75,
    "ThickLines": false,
    "Snapping": false,
    "Offset": false,
    "BothSnapping": false,
    "xSize": 2.0,
    "ySize": 2.0,
    "PosOffset": {
      "x": 0.0,
      "y": 1.0,
      "z": 0.0
    }
  },
  "Lighting": {
    "LightIntensity": 0.54,
    "LightColor": {
      "r": 1.0,
      "g": 0.9804,
      "b": 0.8902
    },
    "AmbientIntensity": 1.3,
    "AmbientType": 0,
    "AmbientSkyColor": {
      "r": 0.5,
      "g": 0.5,
      "b": 0.5
    },
    "AmbientEquatorColor": {
      "r": 0.5,
      "g": 0.5,
      "b": 0.5
    },
    "AmbientGroundColor": {
      "r": 0.5,
      "g": 0.5,
      "b": 0.5
    },
    "ReflectionIntensity": 1.0,
    "LutIndex": 0,
    "LutContribution": 1.0
  },
  "Hands": {
    "Enable": true,
    "DisableUnused": false,
    "Hiding": 0,
    "HandTransforms": [
      {
        "Color": "Red",
        "Transform": {
          "posX": -15.1107817,
          "posY": 4.81909943,
          "posZ": -20.1076221,
          "rotX": 0.0,
          "rotY": 0.0,
          "rotZ": 0.0,
          "scaleX": 11.7719936,
          "scaleY": 9.174497,
          "scaleZ": 4.87123871
        }
      },
      {
        "Color": "Yellow",
        "Transform": {
          "posX": -30.2150211,
          "posY": 4.81909943,
          "posZ": 10.17524,
          "rotX": 0.0,
          "rotY": 90.0,
          "rotZ": 0.0,
          "scaleX": 11.6554785,
          "scaleY": 9.174497,
          "scaleZ": 4.91998053
        }
      },
      {
        "Color": "Purple",
        "Transform": {
          "posX": 30.2511883,
          "posY": 4.81909943,
          "posZ": 9.59069252,
          "rotX": 0.0,
          "rotY": 270.0,
          "rotZ": 0.0,
          "scaleX": 11.6554708,
          "scaleY": 9.174497,
          "scaleZ": 4.91998053
        }
      },
      {
        "Color": "Blue",
        "Transform": {
          "posX": 15.4749184,
          "posY": 4.81909943,
          "posZ": 19.8365288,
          "rotX": 0.0,
          "rotY": 179.8,
          "rotZ": 0.0,
          "scaleX": 11.7720318,
          "scaleY": 9.174497,
          "scaleZ": 4.871269
        }
      },
      {
        "Color": "White",
        "Transform": {
          "posX": 15.1961308,
          "posY": 4.81909943,
          "posZ": -20.1400986,
          "rotX": 0.0,
          "rotY": 0.0,
          "rotZ": 0.0,
          "scaleX": 11.7719784,
          "scaleY": 9.17449951,
          "scaleZ": 4.87123871
        }
      },
      {
        "Color": "Green",
        "Transform": {
          "posX": -15.1927767,
          "posY": 4.81909943,
          "posZ": 19.787817,
          "rotX": 0.0,
          "rotY": 180.000168,
          "rotZ": 0.0,
          "scaleX": 11.7719784,
          "scaleY": 9.174497,
          "scaleZ": 4.87123871
        }
      },
      {
        "Color": "Pink",
        "Transform": {
          "posX": 30.10358,
          "posY": 4.81909943,
          "posZ": -8.449126,
          "rotX": 0.0,
          "rotY": 270.0,
          "rotZ": 0.0,
          "scaleX": 11.6554708,
          "scaleY": 9.174497,
          "scaleZ": 4.91998053
        }
      },
      {
        "Color": "Orange",
        "Transform": {
          "posX": -30.247818,
          "posY": 4.81909943,
          "posZ": -8.822588,
          "rotX": 0.0,
          "rotY": 90.0,
          "rotZ": 0.0,
          "scaleX": 11.6554832,
          "scaleY": 9.174497,
          "scaleZ": 4.91998053
        }
      }
    ]
  },
  "Turns": {
    "Enable": false,
    "Type": 0,
    "TurnOrder": [],
    "Reverse": false,
    "SkipEmpty": false,
    "DisableInteractions": false,
    "PassTurns": true,
    "TurnColor": ""
  },
  "ObjectStates": [
    {
      "Name": "Custom_Tile",
      "Transform": {
        "posX": -3.695956,
        "posY": 0.9600003,
        "posZ": -3.783648,
        "rotX": -3.0319633E-08,
        "rotY": 179.96167,
        "rotZ": -3.43870532E-09,
        "scaleX": 6.06,
        "scaleY": 1.0,
        "scaleZ": 6.06
      },
      "Nickname": "",
      "Description": "",
      "GMNotes": "",
      "ColorDiffuse": {
        "r": 1.0,
        "g": 1.0,
        "b": 1.0
      },
      "Locked": false,
      "Grid": false,
      "Snap": false,
      "IgnoreFoW": false,
      "Autoraise": true,
      "Sticky": true,
      "Tooltip": true,
      "GridProjection": false,
      "HideWhenFaceDown": false,
      "Hands": false,
      "CustomImage": {
        "ImageURL": "http://cloud-3.steamusercontent.com/ugc/158029653789935724/C219CA23807685A32E0EBD0521D34664E533D165/",
        "ImageSecondaryURL": "",
        "ImageScalar": 1.0,
        "WidthScale": 0.0,
        "CustomTile": {
          "Type": 0,
          "Thickness": 0.2,
          "Stackable": false,
          "Stretch": true
        }
      },
      "XmlUI": "",
      "LuaScript": "",
      "LuaScriptState": "",
      "GUID": "135aff"
    }
  ],
  "DecalPallet": [],
  "TabStates": {
    "0": {
      "title": "Rules",
      "body": "",
      "color": "Grey",
      "visibleColor": {
        "r": 0.5,
        "g": 0.5,
        "b": 0.5
      },
      "id": 0
    },
    "1": {
      "title": "White",
      "body": "",
      "color": "White",
      "visibleColor": {
        "r": 1.0,
        "g": 1.0,
        "b": 1.0
      },
      "id": 1
    },
    "2": {
      "title": "Brown",
      "body": "",
      "color": "Brown",
      "visibleColor": {
        "r": 0.443,
        "g": 0.231,
        "b": 0.09
      },
      "id": 2
    },
    "3": {
      "title": "Red",
      "body": "",
      "color": "Red",
      "visibleColor": {
        "r": 0.856,
        "g": 0.1,
        "b": 0.094
      },
      "id": 3
    },
    "4": {
      "title": "Orange",
      "body": "",
      "color": "Orange",
      "visibleColor": {
        "r": 0.956,
        "g": 0.392,
        "b": 0.113
      },
      "id": 4
    },
    "5": {
      "title": "Yellow",
      "body": "",
      "color": "Yellow",
      "visibleColor": {
        "r": 0.905,
        "g": 0.898,
        "b": 0.172
      },
      "id": 5
    },
    "6": {
      "title": "Green",
      "body": "",
      "color": "Green",
      "visibleColor": {
        "r": 0.192,
        "g": 0.701,
        "b": 0.168
      },
      "id": 6
    },
    "7": {
      "title": "Blue",
      "body": "",
      "color": "Blue",
      "visibleColor": {
        "r": 0.118,
        "g": 0.53,
        "b": 1.0
      },
      "id": 7
    },
    "8": {
      "title": "Teal",
      "body": "",
      "color": "Teal",
      "visibleColor": {
        "r": 0.129,
        "g": 0.694,
        "b": 0.607
      },
      "id": 8
    },
    "9": {
      "title": "Purple",
      "body": "",
      "color": "Purple",
      "visibleColor": {
        "r": 0.627,
        "g": 0.125,
        "b": 0.941
      },
      "id": 9
    },
    "10": {
      "title": "Pink",
      "body": "",
      "color": "Pink",
      "visibleColor": {
        "r": 0.96,
        "g": 0.439,
        "b": 0.807
      },
      "id": 10
    },
    "11": {
      "title": "Black",
      "body": "",
      "color": "Black",
      "visibleColor": {
        "r": 0.25,
        "g": 0.25,
        "b": 0.25
      },
      "id": 11
    }
  },
  "VersionNumber": "v12.2.2"
}