{
  "SaveName": "Desert and Ruins",
  "GameMode": "TerrainDesert",
  "Gravity": 0.5,
  "PlayArea": 0.5,
  "Date": "3/1/2020 12:35:11 AM",
  "Table": "Table_Custom",
  "TableURL": "http://cloud-3.steamusercontent.com/ugc/955209722368689178/170C133834A678A967C0C315885809C92577D25D/",
  "Sky": "Sky_Forest",
  "Note": "Crypt Map URL\n\nhttp://cloud-3.steamusercontent.com/ugc/959714146034504237/16E7CABCA914667BAB2E6448256A48930B055089/\n\n\n\nSand Map URL\n\nhttp://cloud-3.steamusercontent.com/ugc/955209722368689178/170C133834A678A967C0C315885809C92577D25D/",
  "Rules": "",
  "XmlUI": "<!-- Xml UI. See documentation: https://api.tabletopsimulator.com/ui/introUI/ -->",
  "LuaScript": "--[[ Lua code. See documentation: https://api.tabletopsimulator.com/ --]]\n\n--[[ The onLoad event is called after the game save finishes loading. --]]\nfunction onLoad()\n    --[[ print('onLoad!') --]]\nend\n\n--[[ The onUpdate event is called once per frame. --]]\nfunction onUpdate()\n    --[[ print('onUpdate loop!') --]]\nend",
  "LuaScriptState": "",
  "Grid": {
    "Type": 0,
    "Lines": false,
    "Color": {
      "r": 0.0,
      "g": 0.0,
      "b": 0.0
    },
    "Opacity": 0.75,
    "ThickLines": false,
    "Snapping": false,
    "Offset": false,
    "BothSnapping": false,
    "xSize": 2.0,
    "ySize": 2.0,
    "PosOffset": {
      "x": 0.0,
      "y": 1.0,
      "z": 0.0
    }
  },
  "Lighting": {
    "LightIntensity": 0.54,
    "LightColor": {
      "r": 1.0,
      "g": 1.0,
      "b": 1.0
    },
    "AmbientIntensity": 0.9160002,
    "AmbientType": 1,
    "AmbientSkyColor": {
      "r": 1.0,
      "g": 1.0,
      "b": 1.0
    },
    "AmbientEquatorColor": {
      "r": 1.0,
      "g": 1.0,
      "b": 1.0
    },
    "AmbientGroundColor": {
      "r": 1.0,
      "g": 1.0,
      "b": 1.0
    },
    "ReflectionIntensity": 1.0,
    "LutIndex": 0,
    "LutContribution": 1.0,
    "LutURL": ""
  },
  "Hands": {
    "Enable": true,
    "DisableUnused": false,
    "Hiding": 0,
    "HandTransforms": [
      {
        "Color": "Blue",
        "Transform": {
          "posX": 23.6700039,
          "posY": 3.23855448,
          "posZ": 34.4527626,
          "rotX": 0.0,
          "rotY": 179.8,
          "rotZ": 0.0,
          "scaleX": 15.3271408,
          "scaleY": 11.8970528,
          "scaleZ": 6.350277
        }
      },
      {
        "Color": "Brown",
        "Transform": {
          "posX": 0.0,
          "posY": 3.23855448,
          "posZ": -34.42515,
          "rotX": 0.0,
          "rotY": 0.0,
          "rotZ": 0.0,
          "scaleX": 15.3268919,
          "scaleY": 11.8970528,
          "scaleZ": 6.35014534
        }
      },
      {
        "Color": "Green",
        "Transform": {
          "posX": -23.6700039,
          "posY": 3.23855448,
          "posZ": 34.43159,
          "rotX": 0.0,
          "rotY": 180.0,
          "rotZ": 0.0,
          "scaleX": 15.3268747,
          "scaleY": 11.8970528,
          "scaleZ": 6.35014534
        }
      },
      {
        "Color": "Orange",
        "Transform": {
          "posX": -51.6596222,
          "posY": 3.23855448,
          "posZ": -11.7324,
          "rotX": 0.0,
          "rotY": 90.0,
          "rotZ": 0.0,
          "scaleX": 15.194252,
          "scaleY": 11.8970528,
          "scaleZ": 6.405805
        }
      },
      {
        "Color": "Pink",
        "Transform": {
          "posX": 51.64263,
          "posY": 3.23855448,
          "posZ": -11.7324,
          "rotX": 0.0,
          "rotY": 270.0,
          "rotZ": 0.0,
          "scaleX": 15.1942377,
          "scaleY": 11.8970528,
          "scaleZ": 6.405805
        }
      },
      {
        "Color": "Purple",
        "Transform": {
          "posX": 51.5785675,
          "posY": 3.23855448,
          "posZ": 11.7324,
          "rotX": 0.0,
          "rotY": 270.0,
          "rotZ": 0.0,
          "scaleX": 15.1942387,
          "scaleY": 11.8970528,
          "scaleZ": 6.405805
        }
      },
      {
        "Color": "Red",
        "Transform": {
          "posX": -23.6700039,
          "posY": 3.23855448,
          "posZ": -34.42515,
          "rotX": 0.0,
          "rotY": 0.0,
          "rotZ": 0.0,
          "scaleX": 15.3268948,
          "scaleY": 11.8970528,
          "scaleZ": 6.35014534
        }
      },
      {
        "Color": "Teal",
        "Transform": {
          "posX": 0.0,
          "posY": 3.23855448,
          "posZ": 34.4527626,
          "rotX": 0.0,
          "rotY": 179.800049,
          "rotZ": 0.0,
          "scaleX": 15.3271437,
          "scaleY": 11.8970528,
          "scaleZ": 6.350277
        }
      },
      {
        "Color": "White",
        "Transform": {
          "posX": 23.6700039,
          "posY": 3.23855448,
          "posZ": -34.2558136,
          "rotX": 0.0,
          "rotY": 0.0,
          "rotZ": 0.0,
          "scaleX": 15.3268747,
          "scaleY": 11.8970547,
          "scaleZ": 6.705048
        }
      },
      {
        "Color": "Yellow",
        "Transform": {
          "posX": -51.6596222,
          "posY": 3.23855448,
          "posZ": 11.7324,
          "rotX": 0.0,
          "rotY": 90.0,
          "rotZ": 0.0,
          "scaleX": 15.1942511,
          "scaleY": 11.8970528,
          "scaleZ": 6.405805
        }
      }
    ]
  },
  "Turns": {
    "Enable": false,
    "Type": 0,
    "TurnOrder": [],
    "Reverse": false,
    "SkipEmpty": false,
    "DisableInteractions": false,
    "PassTurns": true,
    "TurnColor": ""
  },
  "ObjectStates": [
    {
      "Name": "Custom_Model",
      "Transform": {
        "posX": -28.6108971,
        "posY": 0.730755568,
        "posZ": 21.14008,
        "rotX": 0.0013999003,
        "rotY": 150.023,
        "rotZ": 0.00211896445,
        "scaleX": 1.0,
        "scaleY": 1.0,
        "scaleZ": 1.0
      },
      "Nickname": "Terrain",
      "Description": "",
      "GMNotes": "",
      "ColorDiffuse": {
        "r": 0.9999998,
        "g": 0.992160261,
        "b": 0.9999998
      },
      "Locked": false,
      "Grid": true,
      "Snap": true,
      "IgnoreFoW": false,
      "Autoraise": true,
      "Sticky": true,
      "Tooltip": true,
      "GridProjection": false,
      "HideWhenFaceDown": false,
      "Hands": false,
      "CustomMesh": {
        "MeshURL": "http://cloud-3.steamusercontent.com/ugc/955209722367467338/065C10A58A860666121B38C042590EACA44C87E1/",
        "DiffuseURL": "http://cloud-3.steamusercontent.com/ugc/955209722367465086/1A03E60354B6D43BC4A344EEE905DF1FABCA90BC/",
        "NormalURL": "",
        "ColliderURL": "http://cloud-3.steamusercontent.com/ugc/955209722367467338/065C10A58A860666121B38C042590EACA44C87E1/",
        "Convex": true,
        "MaterialIndex": 1,
        "TypeIndex": 1,
        "CastShadows": true
      },
      "XmlUI": "",
      "LuaScript": "",
      "LuaScriptState": "",
      "GUID": "811de6"
    },
    {
      "Name": "Custom_Model",
      "Transform": {
        "posX": -41.6851044,
        "posY": -0.221053839,
        "posZ": 24.1095848,
        "rotX": 0.07550595,
        "rotY": 150.006287,
        "rotZ": 359.974976,
        "scaleX": 1.0,
        "scaleY": 1.0,
        "scaleZ": 1.0
      },
      "Nickname": "Terrain",
      "Description": "",
      "GMNotes": "",
      "ColorDiffuse": {
        "r": 0.9999998,
        "g": 0.992160261,
        "b": 0.9999998
      },
      "Locked": false,
      "Grid": true,
      "Snap": true,
      "IgnoreFoW": false,
      "Autoraise": true,
      "Sticky": true,
      "Tooltip": true,
      "GridProjection": false,
      "HideWhenFaceDown": false,
      "Hands": false,
      "CustomMesh": {
        "MeshURL": "http://cloud-3.steamusercontent.com/ugc/955209722367469819/A4D36EFCE086B7CC2AE1835FF15052C1DD82320F/",
        "DiffuseURL": "http://cloud-3.steamusercontent.com/ugc/955209722367465086/1A03E60354B6D43BC4A344EEE905DF1FABCA90BC/",
        "NormalURL": "",
        "ColliderURL": "http://cloud-3.steamusercontent.com/ugc/955209722367469819/A4D36EFCE086B7CC2AE1835FF15052C1DD82320F/",
        "Convex": true,
        "MaterialIndex": 1,
        "TypeIndex": 1,
        "CastShadows": true
      },
      "XmlUI": "",
      "LuaScript": "",
      "LuaScriptState": "",
      "GUID": "49c2ad"
    },
    {
      "Name": "Custom_Model",
      "Transform": {
        "posX": -30.9508572,
        "posY": 0.9595592,
        "posZ": 19.65002,
        "rotX": 359.9844,
        "rotY": 150.004929,
        "rotZ": 0.02429692,
        "scaleX": 1.0,
        "scaleY": 1.0,
        "scaleZ": 1.0
      },
      "Nickname": "Terrain 06",
      "Description": "",
      "GMNotes": "",
      "ColorDiffuse": {
        "r": 0.9999998,
        "g": 0.992160261,
        "b": 0.9999998
      },
      "Locked": false,
      "Grid": true,
      "Snap": true,
      "IgnoreFoW": false,
      "Autoraise": true,
      "Sticky": true,
      "Tooltip": true,
      "GridProjection": false,
      "HideWhenFaceDown": false,
      "Hands": false,
      "CustomMesh": {
        "MeshURL": "http://cloud-3.steamusercontent.com/ugc/955209722367472067/936E8BD69FFD91824C1202F3853509679F1B6B07/",
        "DiffuseURL": "http://cloud-3.steamusercontent.com/ugc/955209722367465086/1A03E60354B6D43BC4A344EEE905DF1FABCA90BC/",
        "NormalURL": "",
        "ColliderURL": "http://cloud-3.steamusercontent.com/ugc/955209722367472067/936E8BD69FFD91824C1202F3853509679F1B6B07/",
        "Convex": true,
        "MaterialIndex": 1,
        "TypeIndex": 1,
        "CastShadows": true
      },
      "XmlUI": "",
      "LuaScript": "",
      "LuaScriptState": "",
      "GUID": "b5b186"
    },
    {
      "Name": "Custom_Model",
      "Transform": {
        "posX": -33.54664,
        "posY": 0.9670836,
        "posZ": 18.0241985,
        "rotX": -0.00123140658,
        "rotY": 134.961487,
        "rotZ": 0.00209470862,
        "scaleX": 1.0,
        "scaleY": 1.0,
        "scaleZ": 1.0
      },
      "Nickname": "Terrain 06",
      "Description": "",
      "GMNotes": "",
      "ColorDiffuse": {
        "r": 0.9999998,
        "g": 0.992160261,
        "b": 0.9999998
      },
      "Locked": false,
      "Grid": true,
      "Snap": true,
      "IgnoreFoW": false,
      "Autoraise": true,
      "Sticky": true,
      "Tooltip": true,
      "GridProjection": false,
      "HideWhenFaceDown": false,
      "Hands": false,
      "CustomMesh": {
        "MeshURL": "http://cloud-3.steamusercontent.com/ugc/955209722367477441/60814D4199C9D789E4090825208B15A4AAADF2F7/",
        "DiffuseURL": "http://cloud-3.steamusercontent.com/ugc/955209722367465086/1A03E60354B6D43BC4A344EEE905DF1FABCA90BC/",
        "NormalURL": "",
        "ColliderURL": "http://cloud-3.steamusercontent.com/ugc/955209722367477441/60814D4199C9D789E4090825208B15A4AAADF2F7/",
        "Convex": true,
        "MaterialIndex": 1,
        "TypeIndex": 1,
        "CastShadows": true
      },
      "XmlUI": "",
      "LuaScript": "",
      "LuaScriptState": "",
      "GUID": "161478"
    },
    {
      "Name": "Custom_Model",
      "Transform": {
        "posX": -35.74306,
        "posY": 0.959559441,
        "posZ": 15.4544458,
        "rotX": 359.9844,
        "rotY": 300.38,
        "rotZ": 0.0243003648,
        "scaleX": 1.0,
        "scaleY": 1.0,
        "scaleZ": 1.0
      },
      "Nickname": "Terrain 07",
      "Description": "",
      "GMNotes": "",
      "ColorDiffuse": {
        "r": 0.9999998,
        "g": 0.992160261,
        "b": 0.9999998
      },
      "Locked": false,
      "Grid": true,
      "Snap": true,
      "IgnoreFoW": false,
      "Autoraise": true,
      "Sticky": true,
      "Tooltip": true,
      "GridProjection": false,
      "HideWhenFaceDown": false,
      "Hands": false,
      "CustomMesh": {
        "MeshURL": "http://cloud-3.steamusercontent.com/ugc/955209722367472067/936E8BD69FFD91824C1202F3853509679F1B6B07/",
        "DiffuseURL": "http://cloud-3.steamusercontent.com/ugc/955209722367465086/1A03E60354B6D43BC4A344EEE905DF1FABCA90BC/",
        "NormalURL": "",
        "ColliderURL": "http://cloud-3.steamusercontent.com/ugc/955209722367472067/936E8BD69FFD91824C1202F3853509679F1B6B07/",
        "Convex": true,
        "MaterialIndex": 1,
        "TypeIndex": 1,
        "CastShadows": true
      },
      "XmlUI": "",
      "LuaScript": "",
      "LuaScriptState": "",
      "GUID": "c1d916"
    },
    {
      "Name": "Custom_Model",
      "Transform": {
        "posX": -28.384594,
        "posY": 0.9595999,
        "posZ": 23.9057426,
        "rotX": 0.0144895995,
        "rotY": 150.04538,
        "rotZ": 359.9577,
        "scaleX": 1.0,
        "scaleY": 1.0,
        "scaleZ": 1.0
      },
      "Nickname": "Terrain",
      "Description": "",
      "GMNotes": "",
      "ColorDiffuse": {
        "r": 0.9999998,
        "g": 0.992160261,
        "b": 0.9999998
      },
      "Locked": false,
      "Grid": true,
      "Snap": true,
      "IgnoreFoW": false,
      "Autoraise": true,
      "Sticky": true,
      "Tooltip": true,
      "GridProjection": false,
      "HideWhenFaceDown": false,
      "Hands": false,
      "CustomMesh": {
        "MeshURL": "http://cloud-3.steamusercontent.com/ugc/955209722367480520/FFFEA368C077BCD588CC24C65D07ED90105EC088/",
        "DiffuseURL": "http://cloud-3.steamusercontent.com/ugc/955209722367465086/1A03E60354B6D43BC4A344EEE905DF1FABCA90BC/",
        "NormalURL": "",
        "ColliderURL": "http://cloud-3.steamusercontent.com/ugc/955209722367480520/FFFEA368C077BCD588CC24C65D07ED90105EC088/",
        "Convex": true,
        "MaterialIndex": 1,
        "TypeIndex": 1,
        "CastShadows": true
      },
      "XmlUI": "",
      "LuaScript": "",
      "LuaScriptState": "",
      "GUID": "d05cdd"
    },
    {
      "Name": "Custom_Model",
      "Transform": {
        "posX": -29.1755142,
        "posY": 0.9501301,
        "posZ": 15.6780787,
        "rotX": 359.607635,
        "rotY": 240.226334,
        "rotZ": 0.428495437,
        "scaleX": 1.0,
        "scaleY": 1.0,
        "scaleZ": 1.0
      },
      "Nickname": "Terrain 11",
      "Description": "",
      "GMNotes": "",
      "ColorDiffuse": {
        "r": 0.9999998,
        "g": 0.992160261,
        "b": 0.9999998
      },
      "Locked": false,
      "Grid": true,
      "Snap": true,
      "IgnoreFoW": false,
      "Autoraise": true,
      "Sticky": true,
      "Tooltip": true,
      "GridProjection": false,
      "HideWhenFaceDown": false,
      "Hands": false,
      "CustomMesh": {
        "MeshURL": "http://cloud-3.steamusercontent.com/ugc/955209722367481723/FC422540C17ED1DA051CC9F1C0BFEA7BD00D64C0/",
        "DiffuseURL": "http://cloud-3.steamusercontent.com/ugc/955209722367465086/1A03E60354B6D43BC4A344EEE905DF1FABCA90BC/",
        "NormalURL": "",
        "ColliderURL": "http://cloud-3.steamusercontent.com/ugc/955209722367481723/FC422540C17ED1DA051CC9F1C0BFEA7BD00D64C0/",
        "Convex": true,
        "MaterialIndex": 1,
        "TypeIndex": 1,
        "CastShadows": true
      },
      "XmlUI": "",
      "LuaScript": "",
      "LuaScriptState": "",
      "GUID": "329ed9"
    },
    {
      "Name": "Custom_Model",
      "Transform": {
        "posX": -24.8135757,
        "posY": 4.513863,
        "posZ": 19.2294331,
        "rotX": 19.183691,
        "rotY": 256.9076,
        "rotZ": 27.3708916,
        "scaleX": 1.0,
        "scaleY": 1.0,
        "scaleZ": 1.0
      },
      "Nickname": "Terrain",
      "Description": "",
      "GMNotes": "",
      "ColorDiffuse": {
        "r": 0.9999998,
        "g": 0.992160261,
        "b": 0.9999998
      },
      "Locked": false,
      "Grid": true,
      "Snap": true,
      "IgnoreFoW": false,
      "Autoraise": true,
      "Sticky": true,
      "Tooltip": true,
      "GridProjection": false,
      "HideWhenFaceDown": false,
      "Hands": false,
      "CustomMesh": {
        "MeshURL": "http://cloud-3.steamusercontent.com/ugc/955209722367617077/3ACB9E96751A33DFF7B754CDA3BC630A01ED94E8/",
        "DiffuseURL": "http://cloud-3.steamusercontent.com/ugc/955209722367621633/4571E969C57793682D154C1231B193325EA96200/",
        "NormalURL": "",
        "ColliderURL": "http://cloud-3.steamusercontent.com/ugc/955209722367617077/3ACB9E96751A33DFF7B754CDA3BC630A01ED94E8/",
        "Convex": true,
        "MaterialIndex": 1,
        "TypeIndex": 1,
        "CastShadows": true
      },
      "XmlUI": "",
      "LuaScript": "",
      "LuaScriptState": "",
      "GUID": "255671"
    },
    {
      "Name": "Custom_Model",
      "Transform": {
        "posX": -32.39428,
        "posY": 0.9601635,
        "posZ": 23.2117462,
        "rotX": 0.009116014,
        "rotY": 210.0072,
        "rotZ": 0.01223599,
        "scaleX": 1.0,
        "scaleY": 1.0,
        "scaleZ": 1.0
      },
      "Nickname": "Terrain",
      "Description": "",
      "GMNotes": "",
      "ColorDiffuse": {
        "r": 0.9999998,
        "g": 0.992160261,
        "b": 0.9999998
      },
      "Locked": false,
      "Grid": true,
      "Snap": true,
      "IgnoreFoW": false,
      "Autoraise": true,
      "Sticky": true,
      "Tooltip": true,
      "GridProjection": false,
      "HideWhenFaceDown": false,
      "Hands": false,
      "CustomMesh": {
        "MeshURL": "http://cloud-3.steamusercontent.com/ugc/955209722367466944/94FAF21C29B22251E66B7996715CA5D2E13E03CD/",
        "DiffuseURL": "http://cloud-3.steamusercontent.com/ugc/955209722367621633/4571E969C57793682D154C1231B193325EA96200/",
        "NormalURL": "",
        "ColliderURL": "http://cloud-3.steamusercontent.com/ugc/955209722367466944/94FAF21C29B22251E66B7996715CA5D2E13E03CD/",
        "Convex": true,
        "MaterialIndex": 1,
        "TypeIndex": 1,
        "CastShadows": true
      },
      "XmlUI": "",
      "LuaScript": "",
      "LuaScriptState": "",
      "GUID": "fe210e"
    },
    {
      "Name": "Custom_Model",
      "Transform": {
        "posX": -38.75526,
        "posY": 0.962476254,
        "posZ": 21.1237411,
        "rotX": 359.30072,
        "rotY": 120.102951,
        "rotZ": 3.41895366,
        "scaleX": 1.0,
        "scaleY": 1.0,
        "scaleZ": 1.0
      },
      "Nickname": "Terrain",
      "Description": "",
      "GMNotes": "",
      "ColorDiffuse": {
        "r": 0.9999998,
        "g": 0.992160261,
        "b": 0.9999998
      },
      "Locked": false,
      "Grid": true,
      "Snap": true,
      "IgnoreFoW": false,
      "Autoraise": true,
      "Sticky": true,
      "Tooltip": true,
      "GridProjection": false,
      "HideWhenFaceDown": false,
      "Hands": false,
      "CustomMesh": {
        "MeshURL": "http://cloud-3.steamusercontent.com/ugc/955209722367463991/77636111F65DD31B7DB53E6D2CE5D9211064AEBA/",
        "DiffuseURL": "http://cloud-3.steamusercontent.com/ugc/955209722367621633/4571E969C57793682D154C1231B193325EA96200/",
        "NormalURL": "",
        "ColliderURL": "http://cloud-3.steamusercontent.com/ugc/955209722367463991/77636111F65DD31B7DB53E6D2CE5D9211064AEBA/",
        "Convex": true,
        "MaterialIndex": 1,
        "TypeIndex": 1,
        "CastShadows": true
      },
      "XmlUI": "",
      "LuaScript": "",
      "LuaScriptState": "",
      "GUID": "8af4f8"
    },
    {
      "Name": "Custom_Model",
      "Transform": {
        "posX": -42.2729073,
        "posY": 0.9576522,
        "posZ": 20.1168022,
        "rotX": 0.04191591,
        "rotY": 150.027054,
        "rotZ": 0.04431785,
        "scaleX": 1.0,
        "scaleY": 1.0,
        "scaleZ": 1.0
      },
      "Nickname": "Terrain",
      "Description": "",
      "GMNotes": "",
      "ColorDiffuse": {
        "r": 0.9999998,
        "g": 0.992160261,
        "b": 0.9999998
      },
      "Locked": false,
      "Grid": true,
      "Snap": true,
      "IgnoreFoW": false,
      "Autoraise": true,
      "Sticky": true,
      "Tooltip": true,
      "GridProjection": false,
      "HideWhenFaceDown": false,
      "Hands": false,
      "CustomMesh": {
        "MeshURL": "http://cloud-3.steamusercontent.com/ugc/955209722367470381/BE55018F0176729F78B126B1EDC0DFCD92CBCFB1/",
        "DiffuseURL": "http://cloud-3.steamusercontent.com/ugc/955209722367621633/4571E969C57793682D154C1231B193325EA96200/",
        "NormalURL": "",
        "ColliderURL": "http://cloud-3.steamusercontent.com/ugc/955209722367470381/BE55018F0176729F78B126B1EDC0DFCD92CBCFB1/",
        "Convex": true,
        "MaterialIndex": 1,
        "TypeIndex": 1,
        "CastShadows": true
      },
      "XmlUI": "",
      "LuaScript": "",
      "LuaScriptState": "",
      "GUID": "5971d3"
    },
    {
      "Name": "Custom_Model",
      "Transform": {
        "posX": -38.15247,
        "posY": 0.9389297,
        "posZ": 19.12945,
        "rotX": 355.7759,
        "rotY": 149.631531,
        "rotZ": 357.349243,
        "scaleX": 1.0,
        "scaleY": 1.0,
        "scaleZ": 1.0
      },
      "Nickname": "Terrain 06",
      "Description": "",
      "GMNotes": "",
      "ColorDiffuse": {
        "r": 0.9999998,
        "g": 0.992160261,
        "b": 0.9999998
      },
      "Locked": false,
      "Grid": true,
      "Snap": true,
      "IgnoreFoW": false,
      "Autoraise": true,
      "Sticky": true,
      "Tooltip": true,
      "GridProjection": false,
      "HideWhenFaceDown": false,
      "Hands": false,
      "CustomMesh": {
        "MeshURL": "http://cloud-3.steamusercontent.com/ugc/955209722367470941/98B8B2A2389086FD7CA36A07C93BE993D4C26BAB/",
        "DiffuseURL": "http://cloud-3.steamusercontent.com/ugc/955209722367621633/4571E969C57793682D154C1231B193325EA96200/",
        "NormalURL": "",
        "ColliderURL": "http://cloud-3.steamusercontent.com/ugc/955209722367470941/98B8B2A2389086FD7CA36A07C93BE993D4C26BAB/",
        "Convex": true,
        "MaterialIndex": 1,
        "TypeIndex": 1,
        "CastShadows": true
      },
      "XmlUI": "",
      "LuaScript": "",
      "LuaScriptState": "",
      "GUID": "ea2468"
    },
    {
      "Name": "Custom_Model",
      "Transform": {
        "posX": -32.4548,
        "posY": 0.928271532,
        "posZ": 12.9501343,
        "rotX": 358.132538,
        "rotY": 149.913391,
        "rotZ": 0.455232441,
        "scaleX": 1.0,
        "scaleY": 1.0,
        "scaleZ": 1.0
      },
      "Nickname": "Terrain",
      "Description": "",
      "GMNotes": "",
      "ColorDiffuse": {
        "r": 0.9999998,
        "g": 0.992160261,
        "b": 0.9999998
      },
      "Locked": false,
      "Grid": true,
      "Snap": true,
      "IgnoreFoW": false,
      "Autoraise": true,
      "Sticky": true,
      "Tooltip": true,
      "GridProjection": false,
      "HideWhenFaceDown": false,
      "Hands": false,
      "CustomMesh": {
        "MeshURL": "http://cloud-3.steamusercontent.com/ugc/955209722367481169/63FC6527AF52D8408796181B316BF4C28CC8EDAE/",
        "DiffuseURL": "http://cloud-3.steamusercontent.com/ugc/955209722367621633/4571E969C57793682D154C1231B193325EA96200/",
        "NormalURL": "",
        "ColliderURL": "http://cloud-3.steamusercontent.com/ugc/955209722367481169/63FC6527AF52D8408796181B316BF4C28CC8EDAE/",
        "Convex": true,
        "MaterialIndex": 1,
        "TypeIndex": 1,
        "CastShadows": true
      },
      "XmlUI": "",
      "LuaScript": "",
      "LuaScriptState": "",
      "GUID": "a43961"
    },
    {
      "Name": "Custom_Model",
      "Transform": {
        "posX": -28.4755688,
        "posY": 0.9580853,
        "posZ": 11.4804773,
        "rotX": 0.04839626,
        "rotY": 240.386246,
        "rotZ": 359.531464,
        "scaleX": 1.0,
        "scaleY": 1.0,
        "scaleZ": 1.0
      },
      "Nickname": "Terrain",
      "Description": "",
      "GMNotes": "",
      "ColorDiffuse": {
        "r": 0.9999998,
        "g": 0.992160261,
        "b": 0.9999998
      },
      "Locked": false,
      "Grid": true,
      "Snap": true,
      "IgnoreFoW": false,
      "Autoraise": true,
      "Sticky": true,
      "Tooltip": true,
      "GridProjection": false,
      "HideWhenFaceDown": false,
      "Hands": false,
      "CustomMesh": {
        "MeshURL": "http://cloud-3.steamusercontent.com/ugc/955209722367612217/57BB6D81CE14158775440BD4897B13688A99FCE0/",
        "DiffuseURL": "http://cloud-3.steamusercontent.com/ugc/955209722367621633/4571E969C57793682D154C1231B193325EA96200/",
        "NormalURL": "",
        "ColliderURL": "http://cloud-3.steamusercontent.com/ugc/955209722367612217/57BB6D81CE14158775440BD4897B13688A99FCE0/",
        "Convex": true,
        "MaterialIndex": 1,
        "TypeIndex": 1,
        "CastShadows": true
      },
      "XmlUI": "",
      "LuaScript": "",
      "LuaScriptState": "",
      "GUID": "8cd0a7"
    },
    {
      "Name": "Custom_Model",
      "Transform": {
        "posX": -18.1396465,
        "posY": 0.9599993,
        "posZ": 20.708189,
        "rotX": -4.60398667E-07,
        "rotY": 45.01081,
        "rotZ": -2.90545631E-06,
        "scaleX": 1.0,
        "scaleY": 1.0,
        "scaleZ": 1.0
      },
      "Nickname": "Terrain",
      "Description": "",
      "GMNotes": "",
      "ColorDiffuse": {
        "r": 0.9999998,
        "g": 0.992160261,
        "b": 0.9999998
      },
      "Locked": false,
      "Grid": true,
      "Snap": true,
      "IgnoreFoW": false,
      "Autoraise": true,
      "Sticky": true,
      "Tooltip": true,
      "GridProjection": false,
      "HideWhenFaceDown": false,
      "Hands": false,
      "CustomMesh": {
        "MeshURL": "http://cloud-3.steamusercontent.com/ugc/955209722367614980/C7B920B58C2A4A8A8686A833C6A4832F0E62211C/",
        "DiffuseURL": "http://cloud-3.steamusercontent.com/ugc/955209722367465086/1A03E60354B6D43BC4A344EEE905DF1FABCA90BC/",
        "NormalURL": "",
        "ColliderURL": "http://cloud-3.steamusercontent.com/ugc/955209722367645499/862B92DE2AD936BF95E73D16390C8F9F3F3B3387/",
        "Convex": true,
        "MaterialIndex": 1,
        "TypeIndex": 1,
        "CastShadows": true
      },
      "XmlUI": "",
      "LuaScript": "",
      "LuaScriptState": "",
      "GUID": "2671b7"
    },
    {
      "Name": "Custom_Model",
      "Transform": {
        "posX": -23.8839989,
        "posY": 0.959993958,
        "posZ": 15.7460432,
        "rotX": 0.00125299336,
        "rotY": 180.013168,
        "rotZ": -0.00070005696,
        "scaleX": 1.0,
        "scaleY": 1.0,
        "scaleZ": 1.0
      },
      "Nickname": "Terrain",
      "Description": "",
      "GMNotes": "",
      "ColorDiffuse": {
        "r": 0.9999998,
        "g": 0.992160261,
        "b": 0.9999998
      },
      "Locked": false,
      "Grid": true,
      "Snap": true,
      "IgnoreFoW": false,
      "Autoraise": true,
      "Sticky": true,
      "Tooltip": true,
      "GridProjection": false,
      "HideWhenFaceDown": false,
      "Hands": false,
      "CustomMesh": {
        "MeshURL": "http://cloud-3.steamusercontent.com/ugc/955209722367615788/3BD098B70DA2F263BA1878220012327B4D00EA8A/",
        "DiffuseURL": "http://cloud-3.steamusercontent.com/ugc/955209722367621633/4571E969C57793682D154C1231B193325EA96200/",
        "NormalURL": "",
        "ColliderURL": "http://cloud-3.steamusercontent.com/ugc/955209722367645978/C628C074CFC2BF02450A1FD70A3EF129EFF91AD7/",
        "Convex": false,
        "MaterialIndex": 1,
        "TypeIndex": 4,
        "CastShadows": true
      },
      "XmlUI": "",
      "LuaScript": "",
      "LuaScriptState": "",
      "GUID": "551a17"
    },
    {
      "Name": "Custom_Model",
      "Transform": {
        "posX": -24.3216629,
        "posY": 0.9599905,
        "posZ": 22.6528931,
        "rotX": -0.00133863662,
        "rotY": 119.957108,
        "rotZ": 0.002234495,
        "scaleX": 1.0,
        "scaleY": 1.0,
        "scaleZ": 1.0
      },
      "Nickname": "Terrain",
      "Description": "",
      "GMNotes": "",
      "ColorDiffuse": {
        "r": 0.9999998,
        "g": 0.992160261,
        "b": 0.9999998
      },
      "Locked": false,
      "Grid": true,
      "Snap": true,
      "IgnoreFoW": false,
      "Autoraise": true,
      "Sticky": true,
      "Tooltip": true,
      "GridProjection": false,
      "HideWhenFaceDown": false,
      "Hands": false,
      "CustomMesh": {
        "MeshURL": "http://cloud-3.steamusercontent.com/ugc/955209722367479954/126D3F59749C442F54FD4CF9084BF6A9BF7C2729/",
        "DiffuseURL": "http://cloud-3.steamusercontent.com/ugc/955209722367621633/4571E969C57793682D154C1231B193325EA96200/",
        "NormalURL": "",
        "ColliderURL": "http://cloud-3.steamusercontent.com/ugc/955209722367649306/172D75DB1DA038E3D3BB9EAFFA55391E9ADA7E27/",
        "Convex": false,
        "MaterialIndex": 1,
        "TypeIndex": 1,
        "CastShadows": true
      },
      "XmlUI": "",
      "LuaScript": "",
      "LuaScriptState": "",
      "GUID": "53df40"
    },
    {
      "Name": "Custom_Model",
      "Transform": {
        "posX": -40.6641541,
        "posY": 0.7540009,
        "posZ": 10.0549059,
        "rotX": 358.444031,
        "rotY": 165.075424,
        "rotZ": 0.8925351,
        "scaleX": 1.0,
        "scaleY": 1.0,
        "scaleZ": 1.0
      },
      "Nickname": "Terrain",
      "Description": "",
      "GMNotes": "",
      "ColorDiffuse": {
        "r": 0.9999998,
        "g": 0.992160261,
        "b": 0.9999998
      },
      "Locked": false,
      "Grid": true,
      "Snap": true,
      "IgnoreFoW": false,
      "Autoraise": true,
      "Sticky": true,
      "Tooltip": true,
      "GridProjection": false,
      "HideWhenFaceDown": false,
      "Hands": false,
      "CustomMesh": {
        "MeshURL": "http://cloud-3.steamusercontent.com/ugc/955209722367667017/F55F5343EDACD30E567257B740D9EB05BBA6B5F9/",
        "DiffuseURL": "http://cloud-3.steamusercontent.com/ugc/955209722367621633/4571E969C57793682D154C1231B193325EA96200/",
        "NormalURL": "",
        "ColliderURL": "http://cloud-3.steamusercontent.com/ugc/955209722367666564/35831CB91F884D0600A0B326F7CEB40180B5054E/",
        "Convex": true,
        "MaterialIndex": 1,
        "TypeIndex": 1,
        "CastShadows": true
      },
      "XmlUI": "",
      "LuaScript": "",
      "LuaScriptState": "",
      "GUID": "e52437"
    },
    {
      "Name": "Custom_Model",
      "Transform": {
        "posX": -36.17492,
        "posY": 0.9599997,
        "posZ": 11.8871965,
        "rotX": 2.063771E-05,
        "rotY": 195.074448,
        "rotZ": -7.730963E-06,
        "scaleX": 1.29999971,
        "scaleY": 1.29999971,
        "scaleZ": 1.29999971
      },
      "Nickname": "Terrain",
      "Description": "",
      "GMNotes": "",
      "ColorDiffuse": {
        "r": 0.9999998,
        "g": 0.992160261,
        "b": 0.9999998
      },
      "Locked": false,
      "Grid": true,
      "Snap": true,
      "IgnoreFoW": false,
      "Autoraise": true,
      "Sticky": true,
      "Tooltip": true,
      "GridProjection": false,
      "HideWhenFaceDown": false,
      "Hands": false,
      "CustomMesh": {
        "MeshURL": "http://cloud-3.steamusercontent.com/ugc/955209722367858932/6E36F497C0062B97024344886D5A01974458B1BF/",
        "DiffuseURL": "http://cloud-3.steamusercontent.com/ugc/955209722367621633/4571E969C57793682D154C1231B193325EA96200/",
        "NormalURL": "",
        "ColliderURL": "http://cloud-3.steamusercontent.com/ugc/955209722367857838/63B81FED56F9B84E71FAD77E0067F7117B73FB4B/",
        "Convex": true,
        "MaterialIndex": 1,
        "TypeIndex": 1,
        "CastShadows": true
      },
      "XmlUI": "",
      "LuaScript": "",
      "LuaScriptState": "",
      "GUID": "5b585d"
    },
    {
      "Name": "Custom_Model",
      "Transform": {
        "posX": -32.3055763,
        "posY": 0.960000157,
        "posZ": 9.318412,
        "rotX": -2.4781848E-05,
        "rotY": 15.240346,
        "rotZ": 3.96520372E-05,
        "scaleX": 1.29999971,
        "scaleY": 1.29999971,
        "scaleZ": 1.29999971
      },
      "Nickname": "Terrain",
      "Description": "",
      "GMNotes": "",
      "ColorDiffuse": {
        "r": 0.9999998,
        "g": 0.992160261,
        "b": 0.9999998
      },
      "Locked": false,
      "Grid": true,
      "Snap": true,
      "IgnoreFoW": false,
      "Autoraise": true,
      "Sticky": true,
      "Tooltip": true,
      "GridProjection": false,
      "HideWhenFaceDown": false,
      "Hands": false,
      "CustomMesh": {
        "MeshURL": "http://cloud-3.steamusercontent.com/ugc/955209722367858443/3CD7404985D5D0CCF4A30F84747536877E44F08F/",
        "DiffuseURL": "http://cloud-3.steamusercontent.com/ugc/955209722367621633/4571E969C57793682D154C1231B193325EA96200/",
        "NormalURL": "",
        "ColliderURL": "http://cloud-3.steamusercontent.com/ugc/955209722367857838/63B81FED56F9B84E71FAD77E0067F7117B73FB4B/",
        "Convex": true,
        "MaterialIndex": 1,
        "TypeIndex": 1,
        "CastShadows": true
      },
      "XmlUI": "",
      "LuaScript": "",
      "LuaScriptState": "",
      "GUID": "c1fcce"
    },
    {
      "Name": "Custom_Model",
      "Transform": {
        "posX": -35.2378,
        "posY": 0.9323077,
        "posZ": 10.8742285,
        "rotX": 356.083923,
        "rotY": 180.339233,
        "rotZ": 355.592468,
        "scaleX": 1.29999971,
        "scaleY": 1.29999971,
        "scaleZ": 1.29999971
      },
      "Nickname": "Terrain",
      "Description": "",
      "GMNotes": "",
      "ColorDiffuse": {
        "r": 0.9999998,
        "g": 0.992160261,
        "b": 0.9999998
      },
      "Locked": false,
      "Grid": true,
      "Snap": true,
      "IgnoreFoW": false,
      "Autoraise": true,
      "Sticky": true,
      "Tooltip": true,
      "GridProjection": false,
      "HideWhenFaceDown": false,
      "Hands": false,
      "CustomMesh": {
        "MeshURL": "http://cloud-3.steamusercontent.com/ugc/955209722367895580/AE0CC76373012CA198B9274255C5506434878ACF/",
        "DiffuseURL": "http://cloud-3.steamusercontent.com/ugc/955209722367621633/4571E969C57793682D154C1231B193325EA96200/",
        "NormalURL": "",
        "ColliderURL": "http://cloud-3.steamusercontent.com/ugc/955209722367895580/AE0CC76373012CA198B9274255C5506434878ACF/",
        "Convex": true,
        "MaterialIndex": 1,
        "TypeIndex": 1,
        "CastShadows": true
      },
      "XmlUI": "",
      "LuaScript": "",
      "LuaScriptState": "",
      "GUID": "a6c405"
    },
    {
      "Name": "Custom_Model",
      "Transform": {
        "posX": -33.9069633,
        "posY": 0.9600003,
        "posZ": 10.6430073,
        "rotX": -3.294189E-05,
        "rotY": 239.939713,
        "rotZ": 2.75183424E-06,
        "scaleX": 1.29999971,
        "scaleY": 1.29999971,
        "scaleZ": 1.29999971
      },
      "Nickname": "Terrain",
      "Description": "",
      "GMNotes": "",
      "ColorDiffuse": {
        "r": 0.9999998,
        "g": 0.992160261,
        "b": 0.9999998
      },
      "Locked": false,
      "Grid": true,
      "Snap": true,
      "IgnoreFoW": false,
      "Autoraise": true,
      "Sticky": true,
      "Tooltip": true,
      "GridProjection": false,
      "HideWhenFaceDown": false,
      "Hands": false,
      "CustomMesh": {
        "MeshURL": "http://cloud-3.steamusercontent.com/ugc/955209722367859400/B3F74AAA58E3CCEA000A121BDD9B1AF7BE7BB131/",
        "DiffuseURL": "http://cloud-3.steamusercontent.com/ugc/955209722367621633/4571E969C57793682D154C1231B193325EA96200/",
        "NormalURL": "",
        "ColliderURL": "http://cloud-3.steamusercontent.com/ugc/955209722367857838/63B81FED56F9B84E71FAD77E0067F7117B73FB4B/",
        "Convex": true,
        "MaterialIndex": 1,
        "TypeIndex": 1,
        "CastShadows": true
      },
      "XmlUI": "",
      "LuaScript": "",
      "LuaScriptState": "",
      "GUID": "7391cc"
    },
    {
      "Name": "Custom_Model",
      "Transform": {
        "posX": -25.0917244,
        "posY": 1.8826052,
        "posZ": 4.766733,
        "rotX": 341.968445,
        "rotY": 73.98572,
        "rotZ": 124.613609,
        "scaleX": 1.0,
        "scaleY": 1.0,
        "scaleZ": 1.0
      },
      "Nickname": "Terrain",
      "Description": "",
      "GMNotes": "",
      "ColorDiffuse": {
        "r": 0.9999998,
        "g": 0.992160261,
        "b": 0.9999998
      },
      "Locked": false,
      "Grid": true,
      "Snap": true,
      "IgnoreFoW": false,
      "Autoraise": true,
      "Sticky": true,
      "Tooltip": true,
      "GridProjection": false,
      "HideWhenFaceDown": false,
      "Hands": false,
      "CustomMesh": {
        "MeshURL": "http://cloud-3.steamusercontent.com/ugc/955209722368452685/FCC6EA34CBE67631A236C9EF2ABC041FA9C22B4B/",
        "DiffuseURL": "http://cloud-3.steamusercontent.com/ugc/955209722368499075/044D4A73C0DA1756B3123CB8F471187A9A5D2F67/",
        "NormalURL": "",
        "ColliderURL": "http://cloud-3.steamusercontent.com/ugc/955209722368452685/FCC6EA34CBE67631A236C9EF2ABC041FA9C22B4B/",
        "Convex": true,
        "MaterialIndex": 1,
        "TypeIndex": 1,
        "CastShadows": true
      },
      "XmlUI": "",
      "LuaScript": "",
      "LuaScriptState": "",
      "GUID": "c1cdfc"
    },
    {
      "Name": "Custom_Model",
      "Transform": {
        "posX": -32.37507,
        "posY": 2.39167786,
        "posZ": 0.7858567,
        "rotX": 7.86333036,
        "rotY": 25.7925987,
        "rotZ": 13.0928087,
        "scaleX": 0.7750002,
        "scaleY": 0.7750002,
        "scaleZ": 0.7750002
      },
      "Nickname": "Terrain",
      "Description": "",
      "GMNotes": "",
      "ColorDiffuse": {
        "r": 0.9999998,
        "g": 0.992160261,
        "b": 0.9999998
      },
      "Locked": false,
      "Grid": true,
      "Snap": true,
      "IgnoreFoW": false,
      "Autoraise": true,
      "Sticky": true,
      "Tooltip": true,
      "GridProjection": false,
      "HideWhenFaceDown": false,
      "Hands": false,
      "CustomMesh": {
        "MeshURL": "http://cloud-3.steamusercontent.com/ugc/955209722368499830/EA49DF6F35D101D3C12974EBF3CD562CE1BF0CBD/",
        "DiffuseURL": "http://cloud-3.steamusercontent.com/ugc/955209722368499075/044D4A73C0DA1756B3123CB8F471187A9A5D2F67/",
        "NormalURL": "",
        "ColliderURL": "http://cloud-3.steamusercontent.com/ugc/955209722368499830/EA49DF6F35D101D3C12974EBF3CD562CE1BF0CBD/",
        "Convex": true,
        "MaterialIndex": 1,
        "TypeIndex": 1,
        "CastShadows": true
      },
      "XmlUI": "",
      "LuaScript": "",
      "LuaScriptState": "",
      "GUID": "9c2058"
    },
    {
      "Name": "Custom_Model",
      "Transform": {
        "posX": -21.78099,
        "posY": 3.21708632,
        "posZ": 12.1544209,
        "rotX": 1.24434745,
        "rotY": 91.09834,
        "rotZ": 19.0933723,
        "scaleX": 1.0,
        "scaleY": 1.0,
        "scaleZ": 1.0
      },
      "Nickname": "Terrain",
      "Description": "",
      "GMNotes": "",
      "ColorDiffuse": {
        "r": 0.9999998,
        "g": 0.992160261,
        "b": 0.9999998
      },
      "Locked": false,
      "Grid": true,
      "Snap": true,
      "IgnoreFoW": false,
      "Autoraise": true,
      "Sticky": true,
      "Tooltip": true,
      "GridProjection": false,
      "HideWhenFaceDown": false,
      "Hands": false,
      "CustomMesh": {
        "MeshURL": "http://cloud-3.steamusercontent.com/ugc/955209722368501613/DC5BB6A615AFE4D0C2127F0A20CEEF7DAD682DBB/",
        "DiffuseURL": "http://cloud-3.steamusercontent.com/ugc/955209722368499075/044D4A73C0DA1756B3123CB8F471187A9A5D2F67/",
        "NormalURL": "",
        "ColliderURL": "http://cloud-3.steamusercontent.com/ugc/955209722368501613/DC5BB6A615AFE4D0C2127F0A20CEEF7DAD682DBB/",
        "Convex": true,
        "MaterialIndex": 1,
        "TypeIndex": 1,
        "CastShadows": true
      },
      "XmlUI": "",
      "LuaScript": "",
      "LuaScriptState": "",
      "GUID": "61f25c"
    },
    {
      "Name": "Custom_Model",
      "Transform": {
        "posX": -10.4018555,
        "posY": 2.44376183,
        "posZ": 15.8833208,
        "rotX": 358.11795,
        "rotY": 29.8422928,
        "rotZ": 8.342151,
        "scaleX": 1.0,
        "scaleY": 1.0,
        "scaleZ": 1.0
      },
      "Nickname": "Terrain",
      "Description": "",
      "GMNotes": "",
      "ColorDiffuse": {
        "r": 0.9999998,
        "g": 0.992160261,
        "b": 0.9999998
      },
      "Locked": false,
      "Grid": true,
      "Snap": true,
      "IgnoreFoW": false,
      "Autoraise": true,
      "Sticky": true,
      "Tooltip": true,
      "GridProjection": false,
      "HideWhenFaceDown": false,
      "Hands": false,
      "CustomMesh": {
        "MeshURL": "http://cloud-3.steamusercontent.com/ugc/955209722368502541/ADFF4204A137837D5BB39828C48B50E8B5650D1A/",
        "DiffuseURL": "http://cloud-3.steamusercontent.com/ugc/955209722368499075/044D4A73C0DA1756B3123CB8F471187A9A5D2F67/",
        "NormalURL": "",
        "ColliderURL": "http://cloud-3.steamusercontent.com/ugc/955209722368502541/ADFF4204A137837D5BB39828C48B50E8B5650D1A/",
        "Convex": true,
        "MaterialIndex": 1,
        "TypeIndex": 1,
        "CastShadows": true
      },
      "XmlUI": "",
      "LuaScript": "",
      "LuaScriptState": "",
      "GUID": "1191c6"
    },
    {
      "Name": "Custom_Model",
      "Transform": {
        "posX": -15.6218405,
        "posY": 4.36212969,
        "posZ": 5.463669,
        "rotX": 358.826874,
        "rotY": 324.143036,
        "rotZ": 292.290771,
        "scaleX": 1.0,
        "scaleY": 1.0,
        "scaleZ": 1.0
      },
      "Nickname": "Terrain",
      "Description": "",
      "GMNotes": "",
      "ColorDiffuse": {
        "r": 0.9999998,
        "g": 0.992160261,
        "b": 0.9999998
      },
      "Locked": false,
      "Grid": true,
      "Snap": true,
      "IgnoreFoW": false,
      "Autoraise": true,
      "Sticky": true,
      "Tooltip": true,
      "GridProjection": false,
      "HideWhenFaceDown": false,
      "Hands": false,
      "CustomMesh": {
        "MeshURL": "http://cloud-3.steamusercontent.com/ugc/955209722368503767/5C4444CB742159A337532EFCF573422D324E72A2/",
        "DiffuseURL": "http://cloud-3.steamusercontent.com/ugc/955209722368499075/044D4A73C0DA1756B3123CB8F471187A9A5D2F67/",
        "NormalURL": "",
        "ColliderURL": "http://cloud-3.steamusercontent.com/ugc/955209722368503767/5C4444CB742159A337532EFCF573422D324E72A2/",
        "Convex": true,
        "MaterialIndex": 1,
        "TypeIndex": 1,
        "CastShadows": true
      },
      "XmlUI": "",
      "LuaScript": "",
      "LuaScriptState": "",
      "GUID": "d95183"
    },
    {
      "Name": "Custom_Model",
      "Transform": {
        "posX": -38.48222,
        "posY": 1.09400034,
        "posZ": 0.8951578,
        "rotX": 331.049622,
        "rotY": 61.0734024,
        "rotZ": 76.5443,
        "scaleX": 1.0,
        "scaleY": 1.0,
        "scaleZ": 1.0
      },
      "Nickname": "Terrain",
      "Description": "",
      "GMNotes": "",
      "ColorDiffuse": {
        "r": 0.9999998,
        "g": 0.992160261,
        "b": 0.9999998
      },
      "Locked": false,
      "Grid": true,
      "Snap": true,
      "IgnoreFoW": false,
      "Autoraise": true,
      "Sticky": true,
      "Tooltip": true,
      "GridProjection": false,
      "HideWhenFaceDown": false,
      "Hands": false,
      "CustomMesh": {
        "MeshURL": "http://cloud-3.steamusercontent.com/ugc/955209722368503153/CFD91115A89219D839DC1E2FF56F0CCC8E31EF9D/",
        "DiffuseURL": "http://cloud-3.steamusercontent.com/ugc/955209722368499075/044D4A73C0DA1756B3123CB8F471187A9A5D2F67/",
        "NormalURL": "",
        "ColliderURL": "http://cloud-3.steamusercontent.com/ugc/955209722368503153/CFD91115A89219D839DC1E2FF56F0CCC8E31EF9D/",
        "Convex": true,
        "MaterialIndex": 1,
        "TypeIndex": 1,
        "CastShadows": true
      },
      "XmlUI": "",
      "LuaScript": "",
      "LuaScriptState": "",
      "GUID": "1e9657"
    },
    {
      "Name": "Custom_Model",
      "Transform": {
        "posX": -22.6607132,
        "posY": 1.59616506,
        "posZ": 1.86347175,
        "rotX": 15.2119293,
        "rotY": 119.920158,
        "rotZ": 160.977081,
        "scaleX": 1.0,
        "scaleY": 1.0,
        "scaleZ": 1.0
      },
      "Nickname": "Terrain",
      "Description": "",
      "GMNotes": "",
      "ColorDiffuse": {
        "r": 0.9999998,
        "g": 0.992160261,
        "b": 0.9999998
      },
      "Locked": false,
      "Grid": true,
      "Snap": true,
      "IgnoreFoW": false,
      "Autoraise": true,
      "Sticky": true,
      "Tooltip": true,
      "GridProjection": false,
      "HideWhenFaceDown": false,
      "Hands": false,
      "CustomMesh": {
        "MeshURL": "http://cloud-3.steamusercontent.com/ugc/955209722368500685/AD7098B3D5711EA03F3B29A0810130380A142824/",
        "DiffuseURL": "http://cloud-3.steamusercontent.com/ugc/955209722368499075/044D4A73C0DA1756B3123CB8F471187A9A5D2F67/",
        "NormalURL": "",
        "ColliderURL": "http://cloud-3.steamusercontent.com/ugc/955209722368500685/AD7098B3D5711EA03F3B29A0810130380A142824/",
        "Convex": true,
        "MaterialIndex": 1,
        "TypeIndex": 1,
        "CastShadows": true
      },
      "XmlUI": "",
      "LuaScript": "",
      "LuaScriptState": "",
      "GUID": "57df56"
    },
    {
      "Name": "Custom_Model",
      "Transform": {
        "posX": 19.8843937,
        "posY": -0.228992462,
        "posZ": 25.31802,
        "rotX": 0.08927643,
        "rotY": 59.98098,
        "rotZ": 359.825684,
        "scaleX": 0.8999997,
        "scaleY": 0.8999997,
        "scaleZ": 0.8999997
      },
      "Nickname": "Crypt Terrain",
      "Description": "",
      "GMNotes": "",
      "ColorDiffuse": {
        "r": 0.9999998,
        "g": 0.992160261,
        "b": 0.9999998
      },
      "Locked": false,
      "Grid": true,
      "Snap": true,
      "IgnoreFoW": false,
      "Autoraise": true,
      "Sticky": true,
      "Tooltip": true,
      "GridProjection": false,
      "HideWhenFaceDown": false,
      "Hands": false,
      "CustomMesh": {
        "MeshURL": "http://cloud-3.steamusercontent.com/ugc/959714146034375923/4857DA59D42E975B483D8F2D81EDDA5E78824C22/",
        "DiffuseURL": "http://cloud-3.steamusercontent.com/ugc/959714146034377528/833C800F388135403F40E9C3E8EDB3F21BC4D13E/",
        "NormalURL": "",
        "ColliderURL": "http://cloud-3.steamusercontent.com/ugc/959714146034375923/4857DA59D42E975B483D8F2D81EDDA5E78824C22/",
        "Convex": true,
        "MaterialIndex": 1,
        "TypeIndex": 1,
        "CastShadows": true
      },
      "XmlUI": "",
      "LuaScript": "",
      "LuaScriptState": "",
      "GUID": "47e787"
    },
    {
      "Name": "Custom_Model",
      "Transform": {
        "posX": 40.45831,
        "posY": 0.9568839,
        "posZ": 22.1930771,
        "rotX": -0.00177454017,
        "rotY": 240.051834,
        "rotZ": 0.0433248654,
        "scaleX": 0.375,
        "scaleY": 0.375,
        "scaleZ": 0.375
      },
      "Nickname": "Crypt Terrain",
      "Description": "",
      "GMNotes": "",
      "ColorDiffuse": {
        "r": 0.9999998,
        "g": 0.992160261,
        "b": 0.9999998
      },
      "Locked": false,
      "Grid": true,
      "Snap": true,
      "IgnoreFoW": false,
      "Autoraise": true,
      "Sticky": true,
      "Tooltip": true,
      "GridProjection": false,
      "HideWhenFaceDown": false,
      "Hands": false,
      "CustomMesh": {
        "MeshURL": "http://cloud-3.steamusercontent.com/ugc/959714146034378736/1E952F6A44A670770C69CE20C5AA5CCE0921BDF4/",
        "DiffuseURL": "http://cloud-3.steamusercontent.com/ugc/959714146034377528/833C800F388135403F40E9C3E8EDB3F21BC4D13E/",
        "NormalURL": "",
        "ColliderURL": "http://cloud-3.steamusercontent.com/ugc/959714146034378736/1E952F6A44A670770C69CE20C5AA5CCE0921BDF4/",
        "Convex": true,
        "MaterialIndex": 1,
        "TypeIndex": 1,
        "CastShadows": true
      },
      "XmlUI": "",
      "LuaScript": "",
      "LuaScriptState": "",
      "GUID": "625b8e"
    },
    {
      "Name": "Custom_Model",
      "Transform": {
        "posX": 28.1784554,
        "posY": 0.916829348,
        "posZ": 21.1757069,
        "rotX": 359.674957,
        "rotY": 329.935455,
        "rotZ": 359.642151,
        "scaleX": 0.300000429,
        "scaleY": 0.300000429,
        "scaleZ": 0.300000429
      },
      "Nickname": "Crypt Terrain",
      "Description": "",
      "GMNotes": "",
      "ColorDiffuse": {
        "r": 0.9999998,
        "g": 0.992160261,
        "b": 0.9999998
      },
      "Locked": false,
      "Grid": true,
      "Snap": true,
      "IgnoreFoW": false,
      "Autoraise": true,
      "Sticky": true,
      "Tooltip": true,
      "GridProjection": false,
      "HideWhenFaceDown": false,
      "Hands": false,
      "CustomMesh": {
        "MeshURL": "http://cloud-3.steamusercontent.com/ugc/959714146034384747/4E29C4604333681A1B543FD727BF0E92E51EA582/",
        "DiffuseURL": "http://cloud-3.steamusercontent.com/ugc/959714146034377528/833C800F388135403F40E9C3E8EDB3F21BC4D13E/",
        "NormalURL": "",
        "ColliderURL": "http://cloud-3.steamusercontent.com/ugc/959714146034384747/4E29C4604333681A1B543FD727BF0E92E51EA582/",
        "Convex": true,
        "MaterialIndex": 1,
        "TypeIndex": 1,
        "CastShadows": true
      },
      "XmlUI": "",
      "LuaScript": "",
      "LuaScriptState": "",
      "GUID": "d44a56"
    },
    {
      "Name": "Custom_Model",
      "Transform": {
        "posX": 14.8014488,
        "posY": 0.917137861,
        "posZ": 14.3520784,
        "rotX": 0.102073081,
        "rotY": 45.2064857,
        "rotZ": 359.2626,
        "scaleX": 0.549999952,
        "scaleY": 0.549999952,
        "scaleZ": 0.549999952
      },
      "Nickname": "Crypt Terrain",
      "Description": "",
      "GMNotes": "",
      "ColorDiffuse": {
        "r": 0.9999998,
        "g": 0.992160261,
        "b": 0.9999998
      },
      "Locked": false,
      "Grid": true,
      "Snap": true,
      "IgnoreFoW": false,
      "Autoraise": true,
      "Sticky": true,
      "Tooltip": true,
      "GridProjection": false,
      "HideWhenFaceDown": false,
      "Hands": false,
      "CustomMesh": {
        "MeshURL": "http://cloud-3.steamusercontent.com/ugc/959714146034385416/7CA8F21F241780C44191BD7401EC30F55C9AD81E/",
        "DiffuseURL": "http://cloud-3.steamusercontent.com/ugc/959714146034377528/833C800F388135403F40E9C3E8EDB3F21BC4D13E/",
        "NormalURL": "",
        "ColliderURL": "http://cloud-3.steamusercontent.com/ugc/959714146034385416/7CA8F21F241780C44191BD7401EC30F55C9AD81E/",
        "Convex": true,
        "MaterialIndex": 1,
        "TypeIndex": 1,
        "CastShadows": true
      },
      "XmlUI": "",
      "LuaScript": "",
      "LuaScriptState": "",
      "GUID": "b46f2d"
    },
    {
      "Name": "Custom_Model",
      "Transform": {
        "posX": 39.8944168,
        "posY": 0.9379313,
        "posZ": 8.843943,
        "rotX": 1.0763669,
        "rotY": 269.6979,
        "rotZ": 359.931824,
        "scaleX": 0.425,
        "scaleY": 0.425,
        "scaleZ": 0.425
      },
      "Nickname": "Crypt Terrain",
      "Description": "",
      "GMNotes": "",
      "ColorDiffuse": {
        "r": 0.9999998,
        "g": 0.992160261,
        "b": 0.9999998
      },
      "Locked": false,
      "Grid": true,
      "Snap": true,
      "IgnoreFoW": false,
      "Autoraise": true,
      "Sticky": true,
      "Tooltip": true,
      "GridProjection": false,
      "HideWhenFaceDown": false,
      "Hands": false,
      "CustomMesh": {
        "MeshURL": "http://cloud-3.steamusercontent.com/ugc/959714146034388274/9AD1D7CD97186199FBB548E88F768CDBAF8AB968/",
        "DiffuseURL": "http://cloud-3.steamusercontent.com/ugc/959714146034377528/833C800F388135403F40E9C3E8EDB3F21BC4D13E/",
        "NormalURL": "",
        "ColliderURL": "http://cloud-3.steamusercontent.com/ugc/959714146034388274/9AD1D7CD97186199FBB548E88F768CDBAF8AB968/",
        "Convex": true,
        "MaterialIndex": 1,
        "TypeIndex": 1,
        "CastShadows": true
      },
      "XmlUI": "",
      "LuaScript": "",
      "LuaScriptState": "",
      "GUID": "949415"
    },
    {
      "Name": "Custom_Model",
      "Transform": {
        "posX": 19.8354473,
        "posY": 0.9595915,
        "posZ": -2.06238,
        "rotX": 0.00250436668,
        "rotY": 225.013763,
        "rotZ": 0.0187103078,
        "scaleX": 0.37499997,
        "scaleY": 0.37499997,
        "scaleZ": 0.37499997
      },
      "Nickname": "Crypt Terrain",
      "Description": "",
      "GMNotes": "",
      "ColorDiffuse": {
        "r": 0.9999998,
        "g": 0.992160261,
        "b": 0.9999998
      },
      "Locked": false,
      "Grid": true,
      "Snap": true,
      "IgnoreFoW": false,
      "Autoraise": true,
      "Sticky": true,
      "Tooltip": true,
      "GridProjection": false,
      "HideWhenFaceDown": false,
      "Hands": false,
      "CustomMesh": {
        "MeshURL": "http://cloud-3.steamusercontent.com/ugc/959714146034389142/02427DF4C8C362D0F6AF0F40A579EAA3A8D4C9A2/",
        "DiffuseURL": "http://cloud-3.steamusercontent.com/ugc/959714146034377528/833C800F388135403F40E9C3E8EDB3F21BC4D13E/",
        "NormalURL": "",
        "ColliderURL": "http://cloud-3.steamusercontent.com/ugc/959714146034389142/02427DF4C8C362D0F6AF0F40A579EAA3A8D4C9A2/",
        "Convex": true,
        "MaterialIndex": 1,
        "TypeIndex": 1,
        "CastShadows": true
      },
      "XmlUI": "",
      "LuaScript": "",
      "LuaScriptState": "",
      "GUID": "4a7aac"
    },
    {
      "Name": "Custom_Model",
      "Transform": {
        "posX": 34.8135643,
        "posY": -0.230047941,
        "posZ": -19.3116112,
        "rotX": 0.07314736,
        "rotY": 59.9994965,
        "rotZ": 359.843567,
        "scaleX": 0.8999997,
        "scaleY": 0.8999997,
        "scaleZ": 0.8999997
      },
      "Nickname": "Crypt Terrain",
      "Description": "",
      "GMNotes": "",
      "ColorDiffuse": {
        "r": 0.9999998,
        "g": 0.992160261,
        "b": 0.9999998
      },
      "Locked": false,
      "Grid": true,
      "Snap": true,
      "IgnoreFoW": false,
      "Autoraise": true,
      "Sticky": true,
      "Tooltip": true,
      "GridProjection": false,
      "HideWhenFaceDown": false,
      "Hands": false,
      "CustomMesh": {
        "MeshURL": "http://cloud-3.steamusercontent.com/ugc/959714146034375923/4857DA59D42E975B483D8F2D81EDDA5E78824C22/",
        "DiffuseURL": "http://cloud-3.steamusercontent.com/ugc/959714146034377528/833C800F388135403F40E9C3E8EDB3F21BC4D13E/",
        "NormalURL": "",
        "ColliderURL": "http://cloud-3.steamusercontent.com/ugc/959714146034375923/4857DA59D42E975B483D8F2D81EDDA5E78824C22/",
        "Convex": true,
        "MaterialIndex": 1,
        "TypeIndex": 1,
        "CastShadows": true
      },
      "XmlUI": "",
      "LuaScript": "",
      "LuaScriptState": "",
      "GUID": "bf0acf"
    },
    {
      "Name": "Custom_Model",
      "Transform": {
        "posX": 1.321935,
        "posY": 0.9542961,
        "posZ": 1.01157761,
        "rotX": 0.004516918,
        "rotY": 315.0412,
        "rotZ": -0.0009136708,
        "scaleX": 0.724999845,
        "scaleY": 0.724999845,
        "scaleZ": 0.724999845
      },
      "Nickname": "Crypt Terrain",
      "Description": "",
      "GMNotes": "",
      "ColorDiffuse": {
        "r": 0.9999998,
        "g": 0.992160261,
        "b": 0.9999998
      },
      "Locked": false,
      "Grid": true,
      "Snap": true,
      "IgnoreFoW": false,
      "Autoraise": true,
      "Sticky": true,
      "Tooltip": true,
      "GridProjection": false,
      "HideWhenFaceDown": false,
      "Hands": false,
      "CustomMesh": {
        "MeshURL": "http://cloud-3.steamusercontent.com/ugc/959714146034390343/BE06C4DC66448BBC52FF0725139AC0245863DEA7/",
        "DiffuseURL": "http://cloud-3.steamusercontent.com/ugc/959714146034377528/833C800F388135403F40E9C3E8EDB3F21BC4D13E/",
        "NormalURL": "",
        "ColliderURL": "http://cloud-3.steamusercontent.com/ugc/959714146034390343/BE06C4DC66448BBC52FF0725139AC0245863DEA7/",
        "Convex": true,
        "MaterialIndex": 1,
        "TypeIndex": 1,
        "CastShadows": true
      },
      "XmlUI": "",
      "LuaScript": "",
      "LuaScriptState": "",
      "GUID": "e27c1a"
    },
    {
      "Name": "Custom_Model",
      "Transform": {
        "posX": 12.5493784,
        "posY": 0.960111141,
        "posZ": 23.3442478,
        "rotX": 359.91098,
        "rotY": 105.052048,
        "rotZ": 359.97403,
        "scaleX": 0.3,
        "scaleY": 0.3,
        "scaleZ": 0.3
      },
      "Nickname": "Crypt Terrain",
      "Description": "",
      "GMNotes": "",
      "ColorDiffuse": {
        "r": 0.9999998,
        "g": 0.992160261,
        "b": 0.9999998
      },
      "Locked": false,
      "Grid": true,
      "Snap": true,
      "IgnoreFoW": false,
      "Autoraise": true,
      "Sticky": true,
      "Tooltip": true,
      "GridProjection": false,
      "HideWhenFaceDown": false,
      "Hands": false,
      "CustomMesh": {
        "MeshURL": "http://cloud-3.steamusercontent.com/ugc/959714146034391198/631CB4E1489DE54E0D56DC0DD0DB3F4E66E6BE37/",
        "DiffuseURL": "http://cloud-3.steamusercontent.com/ugc/959714146034377528/833C800F388135403F40E9C3E8EDB3F21BC4D13E/",
        "NormalURL": "",
        "ColliderURL": "http://cloud-3.steamusercontent.com/ugc/959714146034391198/631CB4E1489DE54E0D56DC0DD0DB3F4E66E6BE37/",
        "Convex": true,
        "MaterialIndex": 1,
        "TypeIndex": 1,
        "CastShadows": true
      },
      "XmlUI": "",
      "LuaScript": "",
      "LuaScriptState": "",
      "GUID": "e4fb08"
    },
    {
      "Name": "Custom_Model",
      "Transform": {
        "posX": 5.23430347,
        "posY": 0.9568846,
        "posZ": 21.2873821,
        "rotX": 359.966431,
        "rotY": 149.998291,
        "rotZ": 359.960144,
        "scaleX": 0.37500003,
        "scaleY": 0.37500003,
        "scaleZ": 0.37500003
      },
      "Nickname": "Crypt Terrain",
      "Description": "",
      "GMNotes": "",
      "ColorDiffuse": {
        "r": 0.9999998,
        "g": 0.992160261,
        "b": 0.9999998
      },
      "Locked": false,
      "Grid": true,
      "Snap": true,
      "IgnoreFoW": false,
      "Autoraise": true,
      "Sticky": true,
      "Tooltip": true,
      "GridProjection": false,
      "HideWhenFaceDown": false,
      "Hands": false,
      "CustomMesh": {
        "MeshURL": "http://cloud-3.steamusercontent.com/ugc/959714146034392260/AB5E6D5101F3A2D954C874F30753F01B5BE6759E/",
        "DiffuseURL": "http://cloud-3.steamusercontent.com/ugc/959714146034377528/833C800F388135403F40E9C3E8EDB3F21BC4D13E/",
        "NormalURL": "",
        "ColliderURL": "http://cloud-3.steamusercontent.com/ugc/959714146034392260/AB5E6D5101F3A2D954C874F30753F01B5BE6759E/",
        "Convex": true,
        "MaterialIndex": 1,
        "TypeIndex": 1,
        "CastShadows": true
      },
      "XmlUI": "",
      "LuaScript": "",
      "LuaScriptState": "",
      "GUID": "70c491"
    },
    {
      "Name": "Custom_Model",
      "Transform": {
        "posX": 5.721468,
        "posY": 0.9591336,
        "posZ": 12.3201342,
        "rotX": 0.0105383266,
        "rotY": 105.933014,
        "rotZ": -0.000334334036,
        "scaleX": 1.12499952,
        "scaleY": 1.12499952,
        "scaleZ": 1.12499952
      },
      "Nickname": "Crypt Terrain 22",
      "Description": "",
      "GMNotes": "",
      "ColorDiffuse": {
        "r": 0.9999998,
        "g": 0.992160261,
        "b": 0.9999998
      },
      "Locked": false,
      "Grid": true,
      "Snap": true,
      "IgnoreFoW": false,
      "Autoraise": true,
      "Sticky": true,
      "Tooltip": true,
      "GridProjection": false,
      "HideWhenFaceDown": false,
      "Hands": false,
      "CustomMesh": {
        "MeshURL": "http://cloud-3.steamusercontent.com/ugc/959714146034393367/E771B68D5BE789448F4F17595BAC25CF8B44AB83/",
        "DiffuseURL": "http://cloud-3.steamusercontent.com/ugc/959714146034377528/833C800F388135403F40E9C3E8EDB3F21BC4D13E/",
        "NormalURL": "",
        "ColliderURL": "http://cloud-3.steamusercontent.com/ugc/959714146034393367/E771B68D5BE789448F4F17595BAC25CF8B44AB83/",
        "Convex": true,
        "MaterialIndex": 1,
        "TypeIndex": 1,
        "CastShadows": true
      },
      "XmlUI": "",
      "LuaScript": "",
      "LuaScriptState": "",
      "GUID": "66585f"
    },
    {
      "Name": "Custom_Model",
      "Transform": {
        "posX": 37.5450668,
        "posY": 0.959690332,
        "posZ": -1.53905284,
        "rotX": -0.00155611464,
        "rotY": 105.992561,
        "rotZ": 0.0123056527,
        "scaleX": 0.8999997,
        "scaleY": 0.8999997,
        "scaleZ": 0.8999997
      },
      "Nickname": "Crypt Terrain",
      "Description": "",
      "GMNotes": "",
      "ColorDiffuse": {
        "r": 0.9999998,
        "g": 0.992160261,
        "b": 0.9999998
      },
      "Locked": false,
      "Grid": true,
      "Snap": true,
      "IgnoreFoW": false,
      "Autoraise": true,
      "Sticky": true,
      "Tooltip": true,
      "GridProjection": false,
      "HideWhenFaceDown": false,
      "Hands": false,
      "CustomMesh": {
        "MeshURL": "http://cloud-3.steamusercontent.com/ugc/959714146034394648/0A1911B3ECAE573BF8B20754B4A09B88B2F1C530/",
        "DiffuseURL": "http://cloud-3.steamusercontent.com/ugc/959714146034377528/833C800F388135403F40E9C3E8EDB3F21BC4D13E/",
        "NormalURL": "",
        "ColliderURL": "http://cloud-3.steamusercontent.com/ugc/959714146034394648/0A1911B3ECAE573BF8B20754B4A09B88B2F1C530/",
        "Convex": true,
        "MaterialIndex": 1,
        "TypeIndex": 1,
        "CastShadows": true
      },
      "XmlUI": "",
      "LuaScript": "",
      "LuaScriptState": "",
      "GUID": "073bff"
    },
    {
      "Name": "Custom_Model",
      "Transform": {
        "posX": 32.8690338,
        "posY": 9.15892,
        "posZ": 6.48982859,
        "rotX": 309.1868,
        "rotY": 78.9256744,
        "rotZ": 174.39415,
        "scaleX": 0.8999997,
        "scaleY": 0.8999997,
        "scaleZ": 0.8999997
      },
      "Nickname": "Crypt Terrain",
      "Description": "",
      "GMNotes": "",
      "ColorDiffuse": {
        "r": 0.9999998,
        "g": 0.992160261,
        "b": 0.9999998
      },
      "Locked": false,
      "Grid": true,
      "Snap": true,
      "IgnoreFoW": false,
      "Autoraise": true,
      "Sticky": true,
      "Tooltip": true,
      "GridProjection": false,
      "HideWhenFaceDown": false,
      "Hands": false,
      "CustomMesh": {
        "MeshURL": "http://cloud-3.steamusercontent.com/ugc/959714146034395326/B808BC24423983933AC010B003E14D7EA8304E90/",
        "DiffuseURL": "http://cloud-3.steamusercontent.com/ugc/959714146034377528/833C800F388135403F40E9C3E8EDB3F21BC4D13E/",
        "NormalURL": "",
        "ColliderURL": "http://cloud-3.steamusercontent.com/ugc/959714146034395326/B808BC24423983933AC010B003E14D7EA8304E90/",
        "Convex": true,
        "MaterialIndex": 1,
        "TypeIndex": 1,
        "CastShadows": true
      },
      "XmlUI": "",
      "LuaScript": "",
      "LuaScriptState": "",
      "GUID": "232d97"
    },
    {
      "Name": "Custom_Model",
      "Transform": {
        "posX": 32.6675,
        "posY": 0.9593077,
        "posZ": -6.828512,
        "rotX": 0.0105378535,
        "rotY": 74.99758,
        "rotZ": -0.0003292581,
        "scaleX": 0.8999997,
        "scaleY": 0.8999997,
        "scaleZ": 0.8999997
      },
      "Nickname": "Crypt Terrain",
      "Description": "",
      "GMNotes": "",
      "ColorDiffuse": {
        "r": 0.9999998,
        "g": 0.992160261,
        "b": 0.9999998
      },
      "Locked": false,
      "Grid": true,
      "Snap": true,
      "IgnoreFoW": false,
      "Autoraise": true,
      "Sticky": true,
      "Tooltip": true,
      "GridProjection": false,
      "HideWhenFaceDown": false,
      "Hands": false,
      "CustomMesh": {
        "MeshURL": "http://cloud-3.steamusercontent.com/ugc/959714146034396034/E60B70978ED1192119098251A9E70EE802CF5C43/",
        "DiffuseURL": "http://cloud-3.steamusercontent.com/ugc/959714146034377528/833C800F388135403F40E9C3E8EDB3F21BC4D13E/",
        "NormalURL": "",
        "ColliderURL": "http://cloud-3.steamusercontent.com/ugc/959714146034396034/E60B70978ED1192119098251A9E70EE802CF5C43/",
        "Convex": true,
        "MaterialIndex": 1,
        "TypeIndex": 1,
        "CastShadows": true
      },
      "XmlUI": "",
      "LuaScript": "",
      "LuaScriptState": "",
      "GUID": "d2f591"
    },
    {
      "Name": "Custom_Model",
      "Transform": {
        "posX": 36.08854,
        "posY": 5.145995,
        "posZ": -3.104841,
        "rotX": 0.206576973,
        "rotY": 220.205933,
        "rotZ": 22.1751442,
        "scaleX": 0.94999963,
        "scaleY": 0.94999963,
        "scaleZ": 0.94999963
      },
      "Nickname": "Crypt Terrain",
      "Description": "",
      "GMNotes": "",
      "ColorDiffuse": {
        "r": 0.9999998,
        "g": 0.992160261,
        "b": 0.9999998
      },
      "Locked": true,
      "Grid": true,
      "Snap": true,
      "IgnoreFoW": false,
      "Autoraise": true,
      "Sticky": true,
      "Tooltip": true,
      "GridProjection": false,
      "HideWhenFaceDown": false,
      "Hands": false,
      "CustomMesh": {
        "MeshURL": "http://cloud-3.steamusercontent.com/ugc/959714146034419318/F9ADBDE58FB5EEEDA47BE2FD1CD1115DC812AACE/",
        "DiffuseURL": "http://cloud-3.steamusercontent.com/ugc/959714146034377528/833C800F388135403F40E9C3E8EDB3F21BC4D13E/",
        "NormalURL": "",
        "ColliderURL": "http://cloud-3.steamusercontent.com/ugc/959714146034419318/F9ADBDE58FB5EEEDA47BE2FD1CD1115DC812AACE/",
        "Convex": true,
        "MaterialIndex": 1,
        "TypeIndex": 1,
        "CastShadows": true
      },
      "XmlUI": "",
      "LuaScript": "",
      "LuaScriptState": "",
      "GUID": "6e3301"
    },
    {
      "Name": "Custom_Model",
      "Transform": {
        "posX": 6.577253,
        "posY": 2.03385544,
        "posZ": -8.671065,
        "rotX": 10.8679552,
        "rotY": 354.794,
        "rotZ": 1.15319741,
        "scaleX": 0.8999997,
        "scaleY": 0.8999997,
        "scaleZ": 0.8999997
      },
      "Nickname": "Crypt Terrain",
      "Description": "",
      "GMNotes": "",
      "ColorDiffuse": {
        "r": 0.9999998,
        "g": 0.992160261,
        "b": 0.9999998
      },
      "Locked": false,
      "Grid": true,
      "Snap": true,
      "IgnoreFoW": false,
      "Autoraise": true,
      "Sticky": true,
      "Tooltip": true,
      "GridProjection": false,
      "HideWhenFaceDown": false,
      "Hands": false,
      "CustomMesh": {
        "MeshURL": "http://cloud-3.steamusercontent.com/ugc/959714146034446155/59F76926F1AE760097C966BBBBB56BAD7EE6247F/",
        "DiffuseURL": "http://cloud-3.steamusercontent.com/ugc/959714146034377528/833C800F388135403F40E9C3E8EDB3F21BC4D13E/",
        "NormalURL": "",
        "ColliderURL": "http://cloud-3.steamusercontent.com/ugc/959714146034446155/59F76926F1AE760097C966BBBBB56BAD7EE6247F/",
        "Convex": true,
        "MaterialIndex": 1,
        "TypeIndex": 1,
        "CastShadows": true
      },
      "XmlUI": "",
      "LuaScript": "",
      "LuaScriptState": "",
      "GUID": "18d716"
    },
    {
      "Name": "Custom_Model",
      "Transform": {
        "posX": 11.6040735,
        "posY": 2.86897278,
        "posZ": -11.7741528,
        "rotX": 358.075165,
        "rotY": 292.0497,
        "rotZ": 0.111962274,
        "scaleX": 0.8999997,
        "scaleY": 0.8999997,
        "scaleZ": 0.8999997
      },
      "Nickname": "Crypt Terrain",
      "Description": "",
      "GMNotes": "",
      "ColorDiffuse": {
        "r": 0.9999998,
        "g": 0.992160261,
        "b": 0.9999998
      },
      "Locked": false,
      "Grid": true,
      "Snap": true,
      "IgnoreFoW": false,
      "Autoraise": true,
      "Sticky": true,
      "Tooltip": true,
      "GridProjection": false,
      "HideWhenFaceDown": false,
      "Hands": false,
      "CustomMesh": {
        "MeshURL": "http://cloud-3.steamusercontent.com/ugc/959714146034446798/AF7AE994D281A44B891D9432F757C1C04E63BBE5/",
        "DiffuseURL": "http://cloud-3.steamusercontent.com/ugc/959714146034377528/833C800F388135403F40E9C3E8EDB3F21BC4D13E/",
        "NormalURL": "",
        "ColliderURL": "http://cloud-3.steamusercontent.com/ugc/959714146034446798/AF7AE994D281A44B891D9432F757C1C04E63BBE5/",
        "Convex": true,
        "MaterialIndex": 1,
        "TypeIndex": 1,
        "CastShadows": true
      },
      "XmlUI": "",
      "LuaScript": "",
      "LuaScriptState": "",
      "GUID": "8bfb2f"
    },
    {
      "Name": "Custom_Model",
      "Transform": {
        "posX": 9.51180649,
        "posY": 1.67593908,
        "posZ": -10.0536394,
        "rotX": 327.773834,
        "rotY": 303.150146,
        "rotZ": 303.892822,
        "scaleX": 0.8999997,
        "scaleY": 0.8999997,
        "scaleZ": 0.8999997
      },
      "Nickname": "Crypt Terrain",
      "Description": "",
      "GMNotes": "",
      "ColorDiffuse": {
        "r": 0.9999998,
        "g": 0.992160261,
        "b": 0.9999998
      },
      "Locked": false,
      "Grid": true,
      "Snap": true,
      "IgnoreFoW": false,
      "Autoraise": true,
      "Sticky": true,
      "Tooltip": true,
      "GridProjection": false,
      "HideWhenFaceDown": false,
      "Hands": false,
      "CustomMesh": {
        "MeshURL": "http://cloud-3.steamusercontent.com/ugc/959714146034447281/578C27CE65718EFD94C9FDAC6B887476ED413DD1/",
        "DiffuseURL": "http://cloud-3.steamusercontent.com/ugc/959714146034377528/833C800F388135403F40E9C3E8EDB3F21BC4D13E/",
        "NormalURL": "",
        "ColliderURL": "http://cloud-3.steamusercontent.com/ugc/959714146034447281/578C27CE65718EFD94C9FDAC6B887476ED413DD1/",
        "Convex": true,
        "MaterialIndex": 1,
        "TypeIndex": 1,
        "CastShadows": true
      },
      "XmlUI": "",
      "LuaScript": "",
      "LuaScriptState": "",
      "GUID": "c2dadd"
    },
    {
      "Name": "Custom_Model",
      "Transform": {
        "posX": 10.4689941,
        "posY": 3.49276614,
        "posZ": -4.612985,
        "rotX": 344.78244,
        "rotY": 290.0112,
        "rotZ": 303.402618,
        "scaleX": 0.8999997,
        "scaleY": 0.8999997,
        "scaleZ": 0.8999997
      },
      "Nickname": "Crypt Terrain 6",
      "Description": "",
      "GMNotes": "",
      "ColorDiffuse": {
        "r": 0.9999998,
        "g": 0.992160261,
        "b": 0.9999998
      },
      "Locked": false,
      "Grid": true,
      "Snap": true,
      "IgnoreFoW": false,
      "Autoraise": true,
      "Sticky": true,
      "Tooltip": true,
      "GridProjection": false,
      "HideWhenFaceDown": false,
      "Hands": false,
      "CustomMesh": {
        "MeshURL": "http://cloud-3.steamusercontent.com/ugc/959714146034448458/003360AFFD89CD33EE0DF55170F50FB67255FA5D/",
        "DiffuseURL": "http://cloud-3.steamusercontent.com/ugc/959714146034377528/833C800F388135403F40E9C3E8EDB3F21BC4D13E/",
        "NormalURL": "",
        "ColliderURL": "http://cloud-3.steamusercontent.com/ugc/959714146034448458/003360AFFD89CD33EE0DF55170F50FB67255FA5D/",
        "Convex": true,
        "MaterialIndex": 1,
        "TypeIndex": 1,
        "CastShadows": true
      },
      "XmlUI": "",
      "LuaScript": "",
      "LuaScriptState": "",
      "GUID": "74e572"
    },
    {
      "Name": "Custom_Model",
      "Transform": {
        "posX": 8.930345,
        "posY": 1.26304138,
        "posZ": -9.370424,
        "rotX": 336.847046,
        "rotY": 91.66561,
        "rotZ": 206.150757,
        "scaleX": 0.8999997,
        "scaleY": 0.8999997,
        "scaleZ": 0.8999997
      },
      "Nickname": "Crypt Terrain",
      "Description": "",
      "GMNotes": "",
      "ColorDiffuse": {
        "r": 0.9999998,
        "g": 0.992160261,
        "b": 0.9999998
      },
      "Locked": false,
      "Grid": true,
      "Snap": true,
      "IgnoreFoW": false,
      "Autoraise": true,
      "Sticky": true,
      "Tooltip": true,
      "GridProjection": false,
      "HideWhenFaceDown": false,
      "Hands": false,
      "CustomMesh": {
        "MeshURL": "http://cloud-3.steamusercontent.com/ugc/959714146034494048/1B9CF04998A68318C27C2E2649A9A5901267AE51/",
        "DiffuseURL": "http://cloud-3.steamusercontent.com/ugc/959714146034377528/833C800F388135403F40E9C3E8EDB3F21BC4D13E/",
        "NormalURL": "",
        "ColliderURL": "http://cloud-3.steamusercontent.com/ugc/959714146034494048/1B9CF04998A68318C27C2E2649A9A5901267AE51/",
        "Convex": true,
        "MaterialIndex": 1,
        "TypeIndex": 1,
        "CastShadows": true
      },
      "XmlUI": "",
      "LuaScript": "",
      "LuaScriptState": "",
      "GUID": "97bd28"
    },
    {
      "Name": "Custom_Model",
      "Transform": {
        "posX": 8.85434,
        "posY": 2.2899437,
        "posZ": -11.2745562,
        "rotX": 53.7519,
        "rotY": 87.18183,
        "rotZ": 12.0116224,
        "scaleX": 0.8999997,
        "scaleY": 0.8999997,
        "scaleZ": 0.8999997
      },
      "Nickname": "Crypt Terrain",
      "Description": "",
      "GMNotes": "",
      "ColorDiffuse": {
        "r": 0.9999998,
        "g": 0.992160261,
        "b": 0.9999998
      },
      "Locked": false,
      "Grid": true,
      "Snap": true,
      "IgnoreFoW": false,
      "Autoraise": true,
      "Sticky": true,
      "Tooltip": true,
      "GridProjection": false,
      "HideWhenFaceDown": false,
      "Hands": false,
      "CustomMesh": {
        "MeshURL": "http://cloud-3.steamusercontent.com/ugc/959714146034494674/91D8054CA34B83CFDBE4ABAEF54B3A4F96732709/",
        "DiffuseURL": "http://cloud-3.steamusercontent.com/ugc/959714146034377528/833C800F388135403F40E9C3E8EDB3F21BC4D13E/",
        "NormalURL": "",
        "ColliderURL": "http://cloud-3.steamusercontent.com/ugc/959714146034494674/91D8054CA34B83CFDBE4ABAEF54B3A4F96732709/",
        "Convex": true,
        "MaterialIndex": 1,
        "TypeIndex": 1,
        "CastShadows": true
      },
      "XmlUI": "",
      "LuaScript": "",
      "LuaScriptState": "",
      "GUID": "79db87"
    },
    {
      "Name": "Custom_Model",
      "Transform": {
        "posX": 10.8838654,
        "posY": 1.44727671,
        "posZ": -4.36898,
        "rotX": 5.25234938,
        "rotY": 333.869354,
        "rotZ": 186.892059,
        "scaleX": 0.8999997,
        "scaleY": 0.8999997,
        "scaleZ": 0.8999997
      },
      "Nickname": "Crypt Terrain",
      "Description": "",
      "GMNotes": "",
      "ColorDiffuse": {
        "r": 0.9999998,
        "g": 0.992160261,
        "b": 0.9999998
      },
      "Locked": false,
      "Grid": true,
      "Snap": true,
      "IgnoreFoW": false,
      "Autoraise": true,
      "Sticky": true,
      "Tooltip": true,
      "GridProjection": false,
      "HideWhenFaceDown": false,
      "Hands": false,
      "CustomMesh": {
        "MeshURL": "http://cloud-3.steamusercontent.com/ugc/959714146034496365/CFE9DE6908FCE5A573803B22551BB88D6A72B6D2/",
        "DiffuseURL": "http://cloud-3.steamusercontent.com/ugc/959714146034377528/833C800F388135403F40E9C3E8EDB3F21BC4D13E/",
        "NormalURL": "",
        "ColliderURL": "http://cloud-3.steamusercontent.com/ugc/959714146034496365/CFE9DE6908FCE5A573803B22551BB88D6A72B6D2/",
        "Convex": true,
        "MaterialIndex": 1,
        "TypeIndex": 1,
        "CastShadows": true
      },
      "XmlUI": "",
      "LuaScript": "",
      "LuaScriptState": "",
      "GUID": "fac044"
    },
    {
      "Name": "Custom_Model",
      "Transform": {
        "posX": 16.8426781,
        "posY": 1.59310019,
        "posZ": -11.6035748,
        "rotX": 50.00245,
        "rotY": 158.25058,
        "rotZ": 76.0803452,
        "scaleX": 0.8999997,
        "scaleY": 0.8999997,
        "scaleZ": 0.8999997
      },
      "Nickname": "Crypt Terrain",
      "Description": "",
      "GMNotes": "",
      "ColorDiffuse": {
        "r": 0.9999998,
        "g": 0.992160261,
        "b": 0.9999998
      },
      "Locked": false,
      "Grid": true,
      "Snap": true,
      "IgnoreFoW": false,
      "Autoraise": true,
      "Sticky": true,
      "Tooltip": true,
      "GridProjection": false,
      "HideWhenFaceDown": false,
      "Hands": false,
      "CustomMesh": {
        "MeshURL": "http://cloud-3.steamusercontent.com/ugc/959714146034496924/827AC465C40E5365B7BB68A7A2A89B0E102AC1A0/",
        "DiffuseURL": "http://cloud-3.steamusercontent.com/ugc/959714146034377528/833C800F388135403F40E9C3E8EDB3F21BC4D13E/",
        "NormalURL": "",
        "ColliderURL": "http://cloud-3.steamusercontent.com/ugc/959714146034496924/827AC465C40E5365B7BB68A7A2A89B0E102AC1A0/",
        "Convex": true,
        "MaterialIndex": 1,
        "TypeIndex": 1,
        "CastShadows": true
      },
      "XmlUI": "",
      "LuaScript": "",
      "LuaScriptState": "",
      "GUID": "e717d8"
    },
    {
      "Name": "Custom_Model",
      "Transform": {
        "posX": 19.6336727,
        "posY": 2.89499354,
        "posZ": 6.140829,
        "rotX": 6.666659,
        "rotY": 240.542877,
        "rotZ": 355.4689,
        "scaleX": 0.6499999,
        "scaleY": 0.6499999,
        "scaleZ": 0.6499999
      },
      "Nickname": "Crypt Terrain",
      "Description": "",
      "GMNotes": "",
      "ColorDiffuse": {
        "r": 0.9999998,
        "g": 0.992160261,
        "b": 0.9999998
      },
      "Locked": false,
      "Grid": true,
      "Snap": true,
      "IgnoreFoW": false,
      "Autoraise": true,
      "Sticky": true,
      "Tooltip": true,
      "GridProjection": false,
      "HideWhenFaceDown": false,
      "Hands": false,
      "CustomMesh": {
        "MeshURL": "http://cloud-3.steamusercontent.com/ugc/959714146034497876/80AD742F8A9890F167EB44DCA61EBD329684EB48/",
        "DiffuseURL": "http://cloud-3.steamusercontent.com/ugc/959714146034377528/833C800F388135403F40E9C3E8EDB3F21BC4D13E/",
        "NormalURL": "",
        "ColliderURL": "http://cloud-3.steamusercontent.com/ugc/959714146034497876/80AD742F8A9890F167EB44DCA61EBD329684EB48/",
        "Convex": true,
        "MaterialIndex": 1,
        "TypeIndex": 1,
        "CastShadows": true
      },
      "XmlUI": "",
      "LuaScript": "",
      "LuaScriptState": "",
      "GUID": "1b72ff"
    },
    {
      "Name": "Custom_Model",
      "Transform": {
        "posX": 9.519164,
        "posY": 1.44117475,
        "posZ": -7.08746624,
        "rotX": 355.2811,
        "rotY": 347.82016,
        "rotZ": 0.435747117,
        "scaleX": 0.8999997,
        "scaleY": 0.8999997,
        "scaleZ": 0.8999997
      },
      "Nickname": "Crypt Terrain",
      "Description": "",
      "GMNotes": "",
      "ColorDiffuse": {
        "r": 0.9999998,
        "g": 0.992160261,
        "b": 0.9999998
      },
      "Locked": false,
      "Grid": true,
      "Snap": true,
      "IgnoreFoW": false,
      "Autoraise": true,
      "Sticky": true,
      "Tooltip": true,
      "GridProjection": false,
      "HideWhenFaceDown": false,
      "Hands": false,
      "CustomMesh": {
        "MeshURL": "http://cloud-3.steamusercontent.com/ugc/959714146034496365/CFE9DE6908FCE5A573803B22551BB88D6A72B6D2/",
        "DiffuseURL": "http://cloud-3.steamusercontent.com/ugc/959714146034377528/833C800F388135403F40E9C3E8EDB3F21BC4D13E/",
        "NormalURL": "",
        "ColliderURL": "http://cloud-3.steamusercontent.com/ugc/959714146034496365/CFE9DE6908FCE5A573803B22551BB88D6A72B6D2/",
        "Convex": true,
        "MaterialIndex": 1,
        "TypeIndex": 1,
        "CastShadows": true
      },
      "XmlUI": "",
      "LuaScript": "",
      "LuaScriptState": "",
      "GUID": "b055dc"
    },
    {
      "Name": "Custom_Model",
      "Transform": {
        "posX": 11.9043188,
        "posY": 1.75960112,
        "posZ": -5.742076,
        "rotX": 27.0379,
        "rotY": 282.787933,
        "rotZ": 37.0140762,
        "scaleX": 0.8999997,
        "scaleY": 0.8999997,
        "scaleZ": 0.8999997
      },
      "Nickname": "Crypt Terrain",
      "Description": "",
      "GMNotes": "",
      "ColorDiffuse": {
        "r": 0.9999998,
        "g": 0.992160261,
        "b": 0.9999998
      },
      "Locked": false,
      "Grid": true,
      "Snap": true,
      "IgnoreFoW": false,
      "Autoraise": true,
      "Sticky": true,
      "Tooltip": true,
      "GridProjection": false,
      "HideWhenFaceDown": false,
      "Hands": false,
      "CustomMesh": {
        "MeshURL": "http://cloud-3.steamusercontent.com/ugc/959714146034498840/332ADCC70944BA4FD969B7290D7E2C436CA1FD7C/",
        "DiffuseURL": "http://cloud-3.steamusercontent.com/ugc/959714146034377528/833C800F388135403F40E9C3E8EDB3F21BC4D13E/",
        "NormalURL": "",
        "ColliderURL": "http://cloud-3.steamusercontent.com/ugc/959714146034498840/332ADCC70944BA4FD969B7290D7E2C436CA1FD7C/",
        "Convex": true,
        "MaterialIndex": 1,
        "TypeIndex": 1,
        "CastShadows": true
      },
      "XmlUI": "",
      "LuaScript": "",
      "LuaScriptState": "",
      "GUID": "eb43d9"
    },
    {
      "Name": "Custom_Model",
      "Transform": {
        "posX": 25.44133,
        "posY": 4.78790569,
        "posZ": -14.388298,
        "rotX": 359.585846,
        "rotY": 314.645569,
        "rotZ": 354.4731,
        "scaleX": 0.6749999,
        "scaleY": 0.6749999,
        "scaleZ": 0.6749999
      },
      "Nickname": "Crypt Terrain",
      "Description": "",
      "GMNotes": "",
      "ColorDiffuse": {
        "r": 0.9999998,
        "g": 0.992160261,
        "b": 0.9999998
      },
      "Locked": false,
      "Grid": true,
      "Snap": true,
      "IgnoreFoW": false,
      "Autoraise": true,
      "Sticky": true,
      "Tooltip": true,
      "GridProjection": false,
      "HideWhenFaceDown": false,
      "Hands": false,
      "CustomMesh": {
        "MeshURL": "http://cloud-3.steamusercontent.com/ugc/959714146034499422/D7D1855CBEF85185483F082BA9BCD14EF73BE5A4/",
        "DiffuseURL": "http://cloud-3.steamusercontent.com/ugc/959714146034377528/833C800F388135403F40E9C3E8EDB3F21BC4D13E/",
        "NormalURL": "",
        "ColliderURL": "http://cloud-3.steamusercontent.com/ugc/959714146034499422/D7D1855CBEF85185483F082BA9BCD14EF73BE5A4/",
        "Convex": true,
        "MaterialIndex": 1,
        "TypeIndex": 1,
        "CastShadows": true
      },
      "XmlUI": "",
      "LuaScript": "",
      "LuaScriptState": "",
      "GUID": "e6dc54"
    },
    {
      "Name": "Custom_Model",
      "Transform": {
        "posX": 13.2726526,
        "posY": 1.51280391,
        "posZ": 1.59221709,
        "rotX": 353.0796,
        "rotY": 72.2032,
        "rotZ": 11.6626616,
        "scaleX": 0.275,
        "scaleY": 0.275,
        "scaleZ": 0.275
      },
      "Nickname": "Crypt Terrain",
      "Description": "",
      "GMNotes": "",
      "ColorDiffuse": {
        "r": 0.9999998,
        "g": 0.992160261,
        "b": 0.9999998
      },
      "Locked": false,
      "Grid": true,
      "Snap": true,
      "IgnoreFoW": false,
      "Autoraise": true,
      "Sticky": true,
      "Tooltip": true,
      "GridProjection": false,
      "HideWhenFaceDown": false,
      "Hands": false,
      "CustomMesh": {
        "MeshURL": "http://cloud-3.steamusercontent.com/ugc/959714146034501026/B760CF55C7D26CB4A8CE23364274B14CFE58D7A1/",
        "DiffuseURL": "http://cloud-3.steamusercontent.com/ugc/959714146034377528/833C800F388135403F40E9C3E8EDB3F21BC4D13E/",
        "NormalURL": "",
        "ColliderURL": "http://cloud-3.steamusercontent.com/ugc/959714146034501026/B760CF55C7D26CB4A8CE23364274B14CFE58D7A1/",
        "Convex": true,
        "MaterialIndex": 1,
        "TypeIndex": 1,
        "CastShadows": true
      },
      "XmlUI": "",
      "LuaScript": "",
      "LuaScriptState": "",
      "GUID": "2df836"
    }
  ],
  "DecalPallet": [],
  "TabStates": {
    "0": {
      "title": "Rules",
      "body": "",
      "color": "Grey",
      "visibleColor": {
        "r": 0.5,
        "g": 0.5,
        "b": 0.5
      },
      "id": 0
    },
    "1": {
      "title": "White",
      "body": "",
      "color": "White",
      "visibleColor": {
        "r": 1.0,
        "g": 1.0,
        "b": 1.0
      },
      "id": 1
    },
    "2": {
      "title": "Brown",
      "body": "",
      "color": "Brown",
      "visibleColor": {
        "r": 0.443,
        "g": 0.231,
        "b": 0.09
      },
      "id": 2
    },
    "3": {
      "title": "Red",
      "body": "",
      "color": "Red",
      "visibleColor": {
        "r": 0.856,
        "g": 0.1,
        "b": 0.094
      },
      "id": 3
    },
    "4": {
      "title": "Orange",
      "body": "",
      "color": "Orange",
      "visibleColor": {
        "r": 0.956,
        "g": 0.392,
        "b": 0.113
      },
      "id": 4
    },
    "5": {
      "title": "Yellow",
      "body": "",
      "color": "Yellow",
      "visibleColor": {
        "r": 0.905,
        "g": 0.898,
        "b": 0.172
      },
      "id": 5
    },
    "6": {
      "title": "Green",
      "body": "",
      "color": "Green",
      "visibleColor": {
        "r": 0.192,
        "g": 0.701,
        "b": 0.168
      },
      "id": 6
    },
    "7": {
      "title": "Blue",
      "body": "",
      "color": "Blue",
      "visibleColor": {
        "r": 0.118,
        "g": 0.53,
        "b": 1.0
      },
      "id": 7
    },
    "8": {
      "title": "Teal",
      "body": "",
      "color": "Teal",
      "visibleColor": {
        "r": 0.129,
        "g": 0.694,
        "b": 0.607
      },
      "id": 8
    },
    "9": {
      "title": "Purple",
      "body": "",
      "color": "Purple",
      "visibleColor": {
        "r": 0.627,
        "g": 0.125,
        "b": 0.941
      },
      "id": 9
    },
    "10": {
      "title": "Pink",
      "body": "",
      "color": "Pink",
      "visibleColor": {
        "r": 0.96,
        "g": 0.439,
        "b": 0.807
      },
      "id": 10
    },
    "11": {
      "title": "Black",
      "body": "",
      "color": "Black",
      "visibleColor": {
        "r": 0.25,
        "g": 0.25,
        "b": 0.25
      },
      "id": 11
    }
  },
  "VersionNumber": "v12.2.2"
}