{
  "SaveName": "Battlefield Terrain Objects 5",
  "GameMode": "Battlefield Terrain Pack 5",
  "Gravity": 0.5,
  "PlayArea": 0.5,
  "Date": "3/1/2020 12:25:39 AM",
  "Table": "Table_Hexagon",
  "Sky": "Sky_Cathedral",
  "Note": "",
  "Rules": "",
  "XmlUI": "<!-- Xml UI. See documentation: https://api.tabletopsimulator.com/ui/introUI/ -->",
  "LuaScript": "--[[ Lua code. See documentation: https://api.tabletopsimulator.com/ --]]\n\n--[[ The onLoad event is called after the game save finishes loading. --]]\nfunction onLoad()\n    --[[ print('onLoad!') --]]\nend\n\n--[[ The onUpdate event is called once per frame. --]]\nfunction onUpdate()\n    --[[ print('onUpdate loop!') --]]\nend",
  "LuaScriptState": "",
  "MusicPlayer": {
    "RepeatSong": false,
    "PlaylistEntry": 0,
    "CurrentAudioTitle": "Shadowmoon",
    "CurrentAudioURL": "http://cloud-3.steamusercontent.com/ugc/770601828587055146/B4D229E4C683BC5A6F9712F52DC9DAAE28B0C6AC/",
    "AudioLibrary": [
      {
        "Item1": "http://cloud-3.steamusercontent.com/ugc/770601828587055146/B4D229E4C683BC5A6F9712F52DC9DAAE28B0C6AC/",
        "Item2": "Shadowmoon"
      },
      {
        "Item1": "http://cloud-3.steamusercontent.com/ugc/770601828587132232/7D08630C6F43CB4BDEE63D6EB301443342DFF8EB/",
        "Item2": "Heart of the Deep"
      },
      {
        "Item1": "http://cloud-3.steamusercontent.com/ugc/770601828587290498/CAA33176F269F822862C36B8FC83F925B2F0A840/",
        "Item2": "Relentless"
      }
    ]
  },
  "Grid": {
    "Type": 0,
    "Lines": false,
    "Color": {
      "r": 0.0,
      "g": 0.0,
      "b": 0.0
    },
    "Opacity": 0.75,
    "ThickLines": false,
    "Snapping": false,
    "Offset": false,
    "BothSnapping": false,
    "xSize": 1.0,
    "ySize": 1.0,
    "PosOffset": {
      "x": 0.0,
      "y": 1.0,
      "z": 0.0
    }
  },
  "Lighting": {
    "LightIntensity": 0.54,
    "LightColor": {
      "r": 1.0,
      "g": 0.9804,
      "b": 0.8902
    },
    "AmbientIntensity": 1.3,
    "AmbientType": 0,
    "AmbientSkyColor": {
      "r": 0.5,
      "g": 0.5,
      "b": 0.5
    },
    "AmbientEquatorColor": {
      "r": 0.5,
      "g": 0.5,
      "b": 0.5
    },
    "AmbientGroundColor": {
      "r": 0.5,
      "g": 0.5,
      "b": 0.5
    },
    "ReflectionIntensity": 1.0,
    "LutIndex": 0,
    "LutContribution": 1.0
  },
  "Hands": {
    "Enable": true,
    "DisableUnused": false,
    "Hiding": 0,
    "HandTransforms": [
      {
        "Color": "Red",
        "Transform": {
          "posX": -13.642828,
          "posY": 3.56909466,
          "posZ": -7.488447,
          "rotX": 0.0,
          "rotY": 60.0000038,
          "rotZ": 0.0,
          "scaleX": 10.2688847,
          "scaleY": 6.634385,
          "scaleZ": 4.89367437
        }
      },
      {
        "Color": "Yellow",
        "Transform": {
          "posX": -13.3167133,
          "posY": 3.56911373,
          "posZ": 8.302061,
          "rotX": 0.0,
          "rotY": 120.000015,
          "rotZ": 0.0,
          "scaleX": 10.2700119,
          "scaleY": 6.634385,
          "scaleZ": 4.89369345
        }
      },
      {
        "Color": "Blue",
        "Transform": {
          "posX": 13.5730133,
          "posY": 3.569686,
          "posZ": 7.749385,
          "rotX": -8.93397646E-06,
          "rotY": 240.000031,
          "rotZ": 8.643905E-06,
          "scaleX": 10.2713308,
          "scaleY": 6.634385,
          "scaleZ": 4.89474154
        }
      },
      {
        "Color": "White",
        "Transform": {
          "posX": -0.000246047974,
          "posY": 3.5693922,
          "posZ": -15.5339375,
          "rotX": 2.5444431E-14,
          "rotY": 1.70754709E-06,
          "rotZ": -1.70754709E-06,
          "scaleX": 10.2680635,
          "scaleY": 6.634385,
          "scaleZ": 4.89365053
        }
      },
      {
        "Color": "Green",
        "Transform": {
          "posX": 0.00167036057,
          "posY": 3.56939316,
          "posZ": 15.5953522,
          "rotX": 0.0,
          "rotY": 180.0,
          "rotZ": 0.0,
          "scaleX": 10.26964,
          "scaleY": 6.634385,
          "scaleZ": 4.89439249
        }
      },
      {
        "Color": "Pink",
        "Transform": {
          "posX": 23.6058846,
          "posY": 3.569972,
          "posZ": -13.1375809,
          "rotX": 0.0,
          "rotY": 299.999969,
          "rotZ": 0.0,
          "scaleX": 10.2685776,
          "scaleY": 6.634385,
          "scaleZ": 4.893215
        }
      }
    ]
  },
  "Turns": {
    "Enable": false,
    "Type": 0,
    "TurnOrder": [],
    "Reverse": false,
    "SkipEmpty": false,
    "DisableInteractions": false,
    "PassTurns": true,
    "TurnColor": ""
  },
  "ObjectStates": [
    {
      "Name": "Custom_Assetbundle",
      "Transform": {
        "posX": -11.565011,
        "posY": 0.985322535,
        "posZ": -0.239119738,
        "rotX": -0.0007687119,
        "rotY": 179.991165,
        "rotZ": -0.00022990485,
        "scaleX": 1.0,
        "scaleY": 1.0,
        "scaleZ": 1.0
      },
      "Nickname": "",
      "Description": "",
      "GMNotes": "",
      "ColorDiffuse": {
        "r": 1.0,
        "g": 1.0,
        "b": 1.0
      },
      "Locked": false,
      "Grid": true,
      "Snap": true,
      "IgnoreFoW": false,
      "Autoraise": true,
      "Sticky": true,
      "Tooltip": true,
      "GridProjection": false,
      "HideWhenFaceDown": false,
      "Hands": false,
      "CustomAssetbundle": {
        "AssetbundleURL": "http://cloud-3.steamusercontent.com/ugc/773990320255776740/493E69C409C1FBE8F187562BC67E2B2B959637DE/",
        "AssetbundleSecondaryURL": "http://cloud-3.steamusercontent.com/ugc/773990320255777038/300DA0FDA8BB2D9509D1897C3734001C1282D9CC/",
        "MaterialIndex": 0,
        "TypeIndex": 0,
        "LoopingEffectIndex": 0
      },
      "XmlUI": "",
      "LuaScript": "",
      "LuaScriptState": "",
      "GUID": "28eebb"
    },
    {
      "Name": "Custom_Assetbundle",
      "Transform": {
        "posX": -9.497997,
        "posY": 0.9628781,
        "posZ": -0.117468916,
        "rotX": -0.000771208,
        "rotY": 179.978256,
        "rotZ": -8.878126E-08,
        "scaleX": 1.0,
        "scaleY": 1.0,
        "scaleZ": 1.0
      },
      "Nickname": "",
      "Description": "",
      "GMNotes": "",
      "ColorDiffuse": {
        "r": 1.0,
        "g": 1.0,
        "b": 1.0
      },
      "Locked": false,
      "Grid": true,
      "Snap": true,
      "IgnoreFoW": false,
      "Autoraise": true,
      "Sticky": true,
      "Tooltip": true,
      "GridProjection": false,
      "HideWhenFaceDown": false,
      "Hands": false,
      "CustomAssetbundle": {
        "AssetbundleURL": "http://cloud-3.steamusercontent.com/ugc/773990320255777910/9697CBD4EA69D729A27834DB8D4472336DAA64D8/",
        "AssetbundleSecondaryURL": "http://cloud-3.steamusercontent.com/ugc/773990320255777038/300DA0FDA8BB2D9509D1897C3734001C1282D9CC/",
        "MaterialIndex": 0,
        "TypeIndex": 0,
        "LoopingEffectIndex": 0
      },
      "XmlUI": "",
      "LuaScript": "",
      "LuaScriptState": "",
      "GUID": "275b57"
    },
    {
      "Name": "Custom_Assetbundle",
      "Transform": {
        "posX": -6.71879244,
        "posY": 1.41392136,
        "posZ": -0.239150971,
        "rotX": 0.000202912925,
        "rotY": 179.981674,
        "rotZ": 2.90239313E-06,
        "scaleX": 1.0,
        "scaleY": 1.0,
        "scaleZ": 1.0
      },
      "Nickname": "",
      "Description": "",
      "GMNotes": "",
      "ColorDiffuse": {
        "r": 1.0,
        "g": 1.0,
        "b": 1.0
      },
      "Locked": false,
      "Grid": true,
      "Snap": true,
      "IgnoreFoW": false,
      "Autoraise": true,
      "Sticky": true,
      "Tooltip": true,
      "GridProjection": false,
      "HideWhenFaceDown": false,
      "Hands": false,
      "CustomAssetbundle": {
        "AssetbundleURL": "http://cloud-3.steamusercontent.com/ugc/773990320255778639/2D6A2D97F81EFE9ED7EC51352A130D8342786D7E/",
        "AssetbundleSecondaryURL": "http://cloud-3.steamusercontent.com/ugc/773990320255777038/300DA0FDA8BB2D9509D1897C3734001C1282D9CC/",
        "MaterialIndex": 0,
        "TypeIndex": 0,
        "LoopingEffectIndex": 0
      },
      "XmlUI": "",
      "LuaScript": "",
      "LuaScriptState": "",
      "GUID": "039c48"
    },
    {
      "Name": "Custom_Assetbundle",
      "Transform": {
        "posX": -2.61171842,
        "posY": 0.9600098,
        "posZ": -0.3363675,
        "rotX": -0.004403413,
        "rotY": 179.971237,
        "rotZ": 0.002007904,
        "scaleX": 1.0,
        "scaleY": 1.0,
        "scaleZ": 1.0
      },
      "Nickname": "",
      "Description": "",
      "GMNotes": "",
      "ColorDiffuse": {
        "r": 1.0,
        "g": 1.0,
        "b": 1.0
      },
      "Locked": false,
      "Grid": true,
      "Snap": true,
      "IgnoreFoW": false,
      "Autoraise": true,
      "Sticky": true,
      "Tooltip": true,
      "GridProjection": false,
      "HideWhenFaceDown": false,
      "Hands": false,
      "CustomAssetbundle": {
        "AssetbundleURL": "http://cloud-3.steamusercontent.com/ugc/773990320255751655/07333CD443891DC69D07E0E3679AD45B69752DD9/",
        "AssetbundleSecondaryURL": "http://cloud-3.steamusercontent.com/ugc/773990320255769959/11430B4C07F7DC4A7D024E9213F0D39AD1F2A531/",
        "MaterialIndex": 0,
        "TypeIndex": 0,
        "LoopingEffectIndex": 0
      },
      "XmlUI": "",
      "LuaScript": "",
      "LuaScriptState": "",
      "GUID": "25bb03"
    },
    {
      "Name": "Custom_Assetbundle",
      "Transform": {
        "posX": -4.058841,
        "posY": 0.863712549,
        "posZ": -0.149685219,
        "rotX": -0.0018143584,
        "rotY": 359.9682,
        "rotZ": -0.00065094867,
        "scaleX": 1.0,
        "scaleY": 1.0,
        "scaleZ": 1.0
      },
      "Nickname": "",
      "Description": "",
      "GMNotes": "",
      "ColorDiffuse": {
        "r": 1.0,
        "g": 1.0,
        "b": 1.0
      },
      "Locked": false,
      "Grid": true,
      "Snap": true,
      "IgnoreFoW": false,
      "Autoraise": true,
      "Sticky": true,
      "Tooltip": true,
      "GridProjection": false,
      "HideWhenFaceDown": false,
      "Hands": false,
      "CustomAssetbundle": {
        "AssetbundleURL": "http://cloud-3.steamusercontent.com/ugc/773990320255753084/6701EACBEEECF764FE47917E49BFF52F6A290D16/",
        "AssetbundleSecondaryURL": "http://cloud-3.steamusercontent.com/ugc/773990320255769959/11430B4C07F7DC4A7D024E9213F0D39AD1F2A531/",
        "MaterialIndex": 0,
        "TypeIndex": 0,
        "LoopingEffectIndex": 0
      },
      "XmlUI": "",
      "LuaScript": "",
      "LuaScriptState": "",
      "GUID": "8a580a"
    },
    {
      "Name": "Custom_Assetbundle",
      "Transform": {
        "posX": 5.120627,
        "posY": 0.9619243,
        "posZ": 1.2091521,
        "rotX": 4.02030055E-05,
        "rotY": -0.00272300676,
        "rotZ": 1.37003281E-06,
        "scaleX": 0.99,
        "scaleY": 0.99,
        "scaleZ": 0.99
      },
      "Nickname": "",
      "Description": "",
      "GMNotes": "",
      "ColorDiffuse": {
        "r": 1.0,
        "g": 1.0,
        "b": 1.0
      },
      "Locked": false,
      "Grid": true,
      "Snap": true,
      "IgnoreFoW": false,
      "Autoraise": true,
      "Sticky": true,
      "Tooltip": true,
      "GridProjection": false,
      "HideWhenFaceDown": false,
      "Hands": false,
      "CustomAssetbundle": {
        "AssetbundleURL": "http://cloud-3.steamusercontent.com/ugc/773990320255757481/9546E5202E7FC6938BD30EC97959344C10983052/",
        "AssetbundleSecondaryURL": "http://cloud-3.steamusercontent.com/ugc/773990320255774681/090AB22B5DCAF3D88D0F7A74FD104AFEB659EB18/",
        "MaterialIndex": 0,
        "TypeIndex": 0,
        "LoopingEffectIndex": 0
      },
      "XmlUI": "",
      "LuaScript": "",
      "LuaScriptState": "",
      "GUID": "cee04d"
    },
    {
      "Name": "Custom_Assetbundle",
      "Transform": {
        "posX": 5.086436,
        "posY": 0.9619248,
        "posZ": -0.911876,
        "rotX": 1.74547513E-05,
        "rotY": 0.0234840475,
        "rotZ": -1.39482358E-06,
        "scaleX": 0.99,
        "scaleY": 0.99,
        "scaleZ": 0.99
      },
      "Nickname": "",
      "Description": "",
      "GMNotes": "",
      "ColorDiffuse": {
        "r": 1.0,
        "g": 1.0,
        "b": 1.0
      },
      "Locked": false,
      "Grid": true,
      "Snap": true,
      "IgnoreFoW": false,
      "Autoraise": true,
      "Sticky": true,
      "Tooltip": true,
      "GridProjection": false,
      "HideWhenFaceDown": false,
      "Hands": false,
      "CustomAssetbundle": {
        "AssetbundleURL": "http://cloud-3.steamusercontent.com/ugc/773990320255756334/BA05B084D92FAC85F862F760731A311085C910C2/",
        "AssetbundleSecondaryURL": "http://cloud-3.steamusercontent.com/ugc/773990320255774681/090AB22B5DCAF3D88D0F7A74FD104AFEB659EB18/",
        "MaterialIndex": 0,
        "TypeIndex": 0,
        "LoopingEffectIndex": 0
      },
      "XmlUI": "",
      "LuaScript": "",
      "LuaScriptState": "",
      "GUID": "8abe45"
    },
    {
      "Name": "Custom_Assetbundle",
      "Transform": {
        "posX": 2.70621,
        "posY": 0.9599995,
        "posZ": 0.2092234,
        "rotX": -3.69740383E-06,
        "rotY": 0.00976514351,
        "rotZ": -1.85313438E-05,
        "scaleX": 0.99,
        "scaleY": 0.99,
        "scaleZ": 0.99
      },
      "Nickname": "",
      "Description": "",
      "GMNotes": "",
      "ColorDiffuse": {
        "r": 1.0,
        "g": 1.0,
        "b": 1.0
      },
      "Locked": false,
      "Grid": true,
      "Snap": true,
      "IgnoreFoW": false,
      "Autoraise": true,
      "Sticky": true,
      "Tooltip": true,
      "GridProjection": false,
      "HideWhenFaceDown": false,
      "Hands": false,
      "CustomAssetbundle": {
        "AssetbundleURL": "http://cloud-3.steamusercontent.com/ugc/773990320255757960/C009BCED6526F40154F46ADA7B8564643902ED5A/",
        "AssetbundleSecondaryURL": "http://cloud-3.steamusercontent.com/ugc/773990320255774681/090AB22B5DCAF3D88D0F7A74FD104AFEB659EB18/",
        "MaterialIndex": 0,
        "TypeIndex": 0,
        "LoopingEffectIndex": 0
      },
      "XmlUI": "",
      "LuaScript": "",
      "LuaScriptState": "",
      "GUID": "ec5e0d"
    },
    {
      "Name": "Custom_Assetbundle",
      "Transform": {
        "posX": -0.39424032,
        "posY": 0.95962894,
        "posZ": -0.225897536,
        "rotX": 0.000218031739,
        "rotY": 180.000687,
        "rotZ": 1.39751783E-05,
        "scaleX": 1.0,
        "scaleY": 1.0,
        "scaleZ": 1.0
      },
      "Nickname": "",
      "Description": "",
      "GMNotes": "",
      "ColorDiffuse": {
        "r": 1.0,
        "g": 1.0,
        "b": 1.0
      },
      "Locked": false,
      "Grid": true,
      "Snap": true,
      "IgnoreFoW": false,
      "Autoraise": true,
      "Sticky": true,
      "Tooltip": true,
      "GridProjection": false,
      "HideWhenFaceDown": false,
      "Hands": false,
      "CustomAssetbundle": {
        "AssetbundleURL": "http://cloud-3.steamusercontent.com/ugc/773990320255750522/BE38A4140DF100CA3AED425D38EB4116860D6875/",
        "AssetbundleSecondaryURL": "http://cloud-3.steamusercontent.com/ugc/773990320255769959/11430B4C07F7DC4A7D024E9213F0D39AD1F2A531/",
        "MaterialIndex": 0,
        "TypeIndex": 0,
        "LoopingEffectIndex": 0
      },
      "XmlUI": "",
      "LuaScript": "",
      "LuaScriptState": "",
      "GUID": "7d421e"
    },
    {
      "Name": "Custom_Assetbundle",
      "Transform": {
        "posX": 9.21349,
        "posY": 1.1133467,
        "posZ": 0.329359919,
        "rotX": 3.11083022E-05,
        "rotY": 359.982056,
        "rotZ": -2.11257629E-05,
        "scaleX": 1.0,
        "scaleY": 1.0,
        "scaleZ": 1.0
      },
      "Nickname": "",
      "Description": "",
      "GMNotes": "",
      "ColorDiffuse": {
        "r": 1.0,
        "g": 1.0,
        "b": 1.0
      },
      "Locked": false,
      "Grid": true,
      "Snap": true,
      "IgnoreFoW": false,
      "Autoraise": true,
      "Sticky": true,
      "Tooltip": true,
      "GridProjection": false,
      "HideWhenFaceDown": false,
      "Hands": false,
      "CustomAssetbundle": {
        "AssetbundleURL": "http://cloud-3.steamusercontent.com/ugc/773990320255772360/7E8A1EA956770EDC9B380B67058C2C34FF194106/",
        "AssetbundleSecondaryURL": "",
        "MaterialIndex": 0,
        "TypeIndex": 0,
        "LoopingEffectIndex": 0
      },
      "XmlUI": "",
      "LuaScript": "",
      "LuaScriptState": "",
      "GUID": "7f7239"
    },
    {
      "Name": "Custom_Assetbundle",
      "Transform": {
        "posX": 15.9273777,
        "posY": 1.16624689,
        "posZ": 3.93991256,
        "rotX": 25.5991211,
        "rotY": 344.846863,
        "rotZ": 301.219025,
        "scaleX": 1.0,
        "scaleY": 1.0,
        "scaleZ": 1.0
      },
      "Nickname": "",
      "Description": "",
      "GMNotes": "",
      "ColorDiffuse": {
        "r": 1.0,
        "g": 1.0,
        "b": 1.0
      },
      "Locked": false,
      "Grid": true,
      "Snap": true,
      "IgnoreFoW": false,
      "Autoraise": true,
      "Sticky": true,
      "Tooltip": true,
      "GridProjection": false,
      "HideWhenFaceDown": false,
      "Hands": false,
      "CustomAssetbundle": {
        "AssetbundleURL": "http://cloud-3.steamusercontent.com/ugc/773990320255756334/BA05B084D92FAC85F862F760731A311085C910C2/",
        "AssetbundleSecondaryURL": "http://cloud-3.steamusercontent.com/ugc/773990320255774681/090AB22B5DCAF3D88D0F7A74FD104AFEB659EB18/",
        "MaterialIndex": 0,
        "TypeIndex": 0,
        "LoopingEffectIndex": 0
      },
      "XmlUI": "",
      "LuaScript": "",
      "LuaScriptState": "",
      "GUID": "af1c33"
    }
  ],
  "DecalPallet": [],
  "TabStates": {
    "0": {
      "title": "Rules",
      "body": "",
      "color": "Grey",
      "visibleColor": {
        "r": 0.5,
        "g": 0.5,
        "b": 0.5
      },
      "id": 0
    },
    "1": {
      "title": "White",
      "body": "",
      "color": "White",
      "visibleColor": {
        "r": 1.0,
        "g": 1.0,
        "b": 1.0
      },
      "id": 1
    },
    "2": {
      "title": "Brown",
      "body": "",
      "color": "Brown",
      "visibleColor": {
        "r": 0.443,
        "g": 0.231,
        "b": 0.09
      },
      "id": 2
    },
    "3": {
      "title": "Red",
      "body": "",
      "color": "Red",
      "visibleColor": {
        "r": 0.856,
        "g": 0.1,
        "b": 0.094
      },
      "id": 3
    },
    "4": {
      "title": "Orange",
      "body": "",
      "color": "Orange",
      "visibleColor": {
        "r": 0.956,
        "g": 0.392,
        "b": 0.113
      },
      "id": 4
    },
    "5": {
      "title": "Yellow",
      "body": "",
      "color": "Yellow",
      "visibleColor": {
        "r": 0.905,
        "g": 0.898,
        "b": 0.172
      },
      "id": 5
    },
    "6": {
      "title": "Green",
      "body": "",
      "color": "Green",
      "visibleColor": {
        "r": 0.192,
        "g": 0.701,
        "b": 0.168
      },
      "id": 6
    },
    "7": {
      "title": "Blue",
      "body": "",
      "color": "Blue",
      "visibleColor": {
        "r": 0.118,
        "g": 0.53,
        "b": 1.0
      },
      "id": 7
    },
    "8": {
      "title": "Teal",
      "body": "",
      "color": "Teal",
      "visibleColor": {
        "r": 0.129,
        "g": 0.694,
        "b": 0.607
      },
      "id": 8
    },
    "9": {
      "title": "Purple",
      "body": "",
      "color": "Purple",
      "visibleColor": {
        "r": 0.627,
        "g": 0.125,
        "b": 0.941
      },
      "id": 9
    },
    "10": {
      "title": "Pink",
      "body": "",
      "color": "Pink",
      "visibleColor": {
        "r": 0.96,
        "g": 0.439,
        "b": 0.807
      },
      "id": 10
    },
    "11": {
      "title": "Black",
      "body": "",
      "color": "Black",
      "visibleColor": {
        "r": 0.25,
        "g": 0.25,
        "b": 0.25
      },
      "id": 11
    }
  },
  "VersionNumber": "v12.2.2"
}