{
  "SaveName": "Ghazghkull Mag Uruk Thraka (and Makari)",
  "GameMode": "None",
  "Gravity": 0.5,
  "PlayArea": 0.5,
  "Date": "3/26/2020 8:47:03 PM",
  "Table": "Table_Circular",
  "Sky": "Sky_Tunnel",
  "Note": "",
  "Rules": "",
  "XmlUI": "<!-- Xml UI. See documentation: https://api.tabletopsimulator.com/ui/introUI/ -->",
  "LuaScript": "--[[ Lua code. See documentation: https://api.tabletopsimulator.com/ --]]\n\n--[[ The onLoad event is called after the game save finishes loading. --]]\nfunction onLoad()\n    --[[ print('onLoad!') --]]\nend\n\n--[[ The onUpdate event is called once per frame. --]]\nfunction onUpdate()\n    --[[ print('onUpdate loop!') --]]\nend",
  "LuaScriptState": "",
  "Grid": {
    "Type": 0,
    "Lines": false,
    "Color": {
      "r": 0.0,
      "g": 0.0,
      "b": 0.0
    },
    "Opacity": 0.75,
    "ThickLines": false,
    "Snapping": false,
    "Offset": false,
    "BothSnapping": false,
    "xSize": 2.0,
    "ySize": 2.0,
    "PosOffset": {
      "x": 0.0,
      "y": 1.0,
      "z": 0.0
    }
  },
  "Lighting": {
    "LightIntensity": 0.54,
    "LightColor": {
      "r": 1.0,
      "g": 0.9804,
      "b": 0.8902
    },
    "AmbientIntensity": 1.3,
    "AmbientType": 0,
    "AmbientSkyColor": {
      "r": 0.5,
      "g": 0.5,
      "b": 0.5
    },
    "AmbientEquatorColor": {
      "r": 0.5,
      "g": 0.5,
      "b": 0.5
    },
    "AmbientGroundColor": {
      "r": 0.5,
      "g": 0.5,
      "b": 0.5
    },
    "ReflectionIntensity": 1.0,
    "LutIndex": 0,
    "LutContribution": 1.0
  },
  "Hands": {
    "Enable": true,
    "DisableUnused": false,
    "Hiding": 0,
    "HandTransforms": [
      {
        "Color": "Red",
        "Transform": {
          "posX": -15.2383451,
          "posY": 3.54391432,
          "posZ": -15.41023,
          "rotX": 0.0,
          "rotY": 45.0000038,
          "rotZ": 0.0,
          "scaleX": 11.6554279,
          "scaleY": 9.174524,
          "scaleZ": 6.76724052
        }
      },
      {
        "Color": "Yellow",
        "Transform": {
          "posX": -15.3520746,
          "posY": 3.54391527,
          "posZ": 15.1043739,
          "rotX": 0.0,
          "rotY": 135.000015,
          "rotZ": 0.0,
          "scaleX": 11.6555653,
          "scaleY": 9.174524,
          "scaleZ": 6.76732
        }
      },
      {
        "Color": "Purple",
        "Transform": {
          "posX": 21.5308113,
          "posY": 3.54391432,
          "posZ": 0.05564022,
          "rotX": 0.0,
          "rotY": 270.0,
          "rotZ": 0.0,
          "scaleX": 11.6556149,
          "scaleY": 9.174524,
          "scaleZ": 6.76738739
        }
      },
      {
        "Color": "Blue",
        "Transform": {
          "posX": 15.3141708,
          "posY": 3.54391623,
          "posZ": 15.1422806,
          "rotX": 0.0,
          "rotY": 225.0,
          "rotZ": 0.0,
          "scaleX": 11.6554184,
          "scaleY": 9.174524,
          "scaleZ": 6.767232
        }
      },
      {
        "Color": "White",
        "Transform": {
          "posX": 9.536743E-07,
          "posY": 3.54391432,
          "posZ": -21.4752541,
          "rotX": 0.0,
          "rotY": 0.0,
          "rotZ": 0.0,
          "scaleX": 11.6554279,
          "scaleY": 9.174526,
          "scaleZ": 6.76723957
        }
      },
      {
        "Color": "Green",
        "Transform": {
          "posX": 4.76837158E-07,
          "posY": 3.54391623,
          "posZ": 21.2933922,
          "rotX": 0.0,
          "rotY": 180.0,
          "rotZ": 0.0,
          "scaleX": 11.6554279,
          "scaleY": 9.174524,
          "scaleZ": 6.76723337
        }
      },
      {
        "Color": "Pink",
        "Transform": {
          "posX": 15.3141727,
          "posY": 3.54391527,
          "posZ": -15.0311737,
          "rotX": 0.0,
          "rotY": 315.0,
          "rotZ": 0.0,
          "scaleX": 11.655468,
          "scaleY": 9.174524,
          "scaleZ": 6.767267
        }
      },
      {
        "Color": "Orange",
        "Transform": {
          "posX": -21.5687141,
          "posY": 3.54391527,
          "posZ": -0.20971489,
          "rotX": 0.0,
          "rotY": 90.0,
          "rotZ": 0.0,
          "scaleX": 11.655611,
          "scaleY": 9.174524,
          "scaleZ": 6.76738
        }
      }
    ]
  },
  "Turns": {
    "Enable": false,
    "Type": 0,
    "TurnOrder": [],
    "Reverse": false,
    "SkipEmpty": false,
    "DisableInteractions": false,
    "PassTurns": true
  },
  "ObjectStates": [
    {
      "Name": "Custom_Model",
      "Transform": {
        "posX": 1.66203964,
        "posY": 1.25931168,
        "posZ": -0.8998907,
        "rotX": 0.600713968,
        "rotY": 180.077332,
        "rotZ": 1.43121827,
        "scaleX": 0.625000358,
        "scaleY": 0.625000358,
        "scaleZ": 0.625000358
      },
      "Nickname": "Makari",
      "Description": "",
      "GMNotes": "",
      "ColorDiffuse": {
        "r": 0.847058833,
        "g": 0.847058833,
        "b": 0.847058833
      },
      "Locked": false,
      "Grid": false,
      "Snap": false,
      "IgnoreFoW": false,
      "Autoraise": false,
      "Sticky": false,
      "Tooltip": true,
      "GridProjection": false,
      "HideWhenFaceDown": false,
      "Hands": false,
      "CustomMesh": {
        "MeshURL": "http://cloud-3.steamusercontent.com/ugc/1005932647144428238/94778E36A4CB47CF463CFA928145CE0819B14D14/",
        "DiffuseURL": "http://cloud-3.steamusercontent.com/ugc/1005932647144427628/2513E8D33AB191437FB9458DD56E24494F6A2145/",
        "NormalURL": "",
        "ColliderURL": "http://cloud-3.steamusercontent.com/ugc/909072114025566405/DE623BD66F73B5BAEA303E463D9ECB77B0FB1687/",
        "Convex": true,
        "MaterialIndex": 3,
        "TypeIndex": 0,
        "CustomShader": {
          "SpecularColor": {
            "r": 1.0,
            "g": 1.0,
            "b": 1.0
          },
          "SpecularIntensity": 0.0,
          "SpecularSharpness": 2.0,
          "FresnelStrength": 0.0
        },
        "CastShadows": true
      },
      "XmlUI": "",
      "LuaScript": "",
      "LuaScriptState": "",
      "GUID": "cfb9b9"
    },
    {
      "Name": "Custom_Model",
      "Transform": {
        "posX": -0.7386634,
        "posY": 1.26462913,
        "posZ": 0.0898426846,
        "rotX": 0.107252024,
        "rotY": 149.978439,
        "rotZ": 359.460632,
        "scaleX": 1.94999933,
        "scaleY": 1.94999933,
        "scaleZ": 1.94999933
      },
      "Nickname": "Ghazghkull Thraka 8/8",
      "Description": "M: 5\" WS: 2+ BS: 5+ S: 6 T: 6   W: 8  A: 5 Ld: 8 Sv: 2+/4++\n",
      "GMNotes": "",
      "ColorDiffuse": {
        "r": 1.0,
        "g": 1.0,
        "b": 1.0
      },
      "Locked": false,
      "Grid": true,
      "Snap": true,
      "IgnoreFoW": false,
      "Autoraise": true,
      "Sticky": true,
      "Tooltip": true,
      "GridProjection": false,
      "HideWhenFaceDown": false,
      "Hands": false,
      "CustomMesh": {
        "MeshURL": "http://cloud-3.steamusercontent.com/ugc/1005932647144376277/5B44220851E6F0DE94518D979E3FC3C65D06C42D/",
        "DiffuseURL": "http://cloud-3.steamusercontent.com/ugc/1005932647144375565/7C63BCD658DED10C24C4957157998C5AEBF7A90C/",
        "NormalURL": "",
        "ColliderURL": "http://cloud-3.steamusercontent.com/ugc/938333556414021256/80742C5E9DC7D3DFA6186932AB5FFA37E2DF385B/",
        "Convex": false,
        "MaterialIndex": 0,
        "TypeIndex": 1,
        "CustomShader": {
          "SpecularColor": {
            "r": 1.0,
            "g": 1.0,
            "b": 1.0
          },
          "SpecularIntensity": 0.0,
          "SpecularSharpness": 2.0,
          "FresnelStrength": 0.0
        },
        "CastShadows": true
      },
      "XmlUI": "",
      "LuaScript": "",
      "LuaScriptState": "",
      "GUID": "fdf70b"
    }
  ],
  "DecalPallet": [],
  "TabStates": {
    "0": {
      "title": "Rules",
      "body": "",
      "color": "Grey",
      "visibleColor": {
        "r": 0.5,
        "g": 0.5,
        "b": 0.5
      },
      "id": 0
    },
    "1": {
      "title": "White",
      "body": "",
      "color": "White",
      "visibleColor": {
        "r": 1.0,
        "g": 1.0,
        "b": 1.0
      },
      "id": 1
    },
    "2": {
      "title": "Brown",
      "body": "",
      "color": "Brown",
      "visibleColor": {
        "r": 0.443,
        "g": 0.231,
        "b": 0.09
      },
      "id": 2
    },
    "3": {
      "title": "Red",
      "body": "",
      "color": "Red",
      "visibleColor": {
        "r": 0.856,
        "g": 0.1,
        "b": 0.094
      },
      "id": 3
    },
    "4": {
      "title": "Orange",
      "body": "",
      "color": "Orange",
      "visibleColor": {
        "r": 0.956,
        "g": 0.392,
        "b": 0.113
      },
      "id": 4
    },
    "5": {
      "title": "Yellow",
      "body": "",
      "color": "Yellow",
      "visibleColor": {
        "r": 0.905,
        "g": 0.898,
        "b": 0.172
      },
      "id": 5
    },
    "6": {
      "title": "Green",
      "body": "",
      "color": "Green",
      "visibleColor": {
        "r": 0.192,
        "g": 0.701,
        "b": 0.168
      },
      "id": 6
    },
    "7": {
      "title": "Blue",
      "body": "",
      "color": "Blue",
      "visibleColor": {
        "r": 0.118,
        "g": 0.53,
        "b": 1.0
      },
      "id": 7
    },
    "8": {
      "title": "Teal",
      "body": "",
      "color": "Teal",
      "visibleColor": {
        "r": 0.129,
        "g": 0.694,
        "b": 0.607
      },
      "id": 8
    },
    "9": {
      "title": "Purple",
      "body": "",
      "color": "Purple",
      "visibleColor": {
        "r": 0.627,
        "g": 0.125,
        "b": 0.941
      },
      "id": 9
    },
    "10": {
      "title": "Pink",
      "body": "",
      "color": "Pink",
      "visibleColor": {
        "r": 0.96,
        "g": 0.439,
        "b": 0.807
      },
      "id": 10
    },
    "11": {
      "title": "Black",
      "body": "",
      "color": "Black",
      "visibleColor": {
        "r": 0.25,
        "g": 0.25,
        "b": 0.25
      },
      "id": 11
    }
  },
  "VersionNumber": "v12.2.3"
}