{
  "SaveName": "Centurions",
  "GameMode": "Centurions",
  "Gravity": 0.5,
  "PlayArea": 0.5,
  "Date": "2/13/2020 7:28:35 PM",
  "Table": "Table_Circular",
  "Sky": "Sky_Downtown",
  "Note": "",
  "Rules": "",
  "XmlUI": "<!-- Xml UI. See documentation: https://api.tabletopsimulator.com/ui/introUI/ -->",
  "LuaScript": "--[[ Lua code. See documentation: https://api.tabletopsimulator.com/ --]]\n\n--[[ The onLoad event is called after the game save finishes loading. --]]\nfunction onLoad()\n    --[[ print('onLoad!') --]]\nend\n\n--[[ The onUpdate event is called once per frame. --]]\nfunction onUpdate()\n    --[[ print('onUpdate loop!') --]]\nend",
  "LuaScriptState": "",
  "MusicPlayer": {
    "RepeatSong": true,
    "PlaylistEntry": -1,
    "CurrentAudioTitle": "Ultramarines Chant",
    "CurrentAudioURL": "http://cloud-3.steamusercontent.com/ugc/773976977327440295/17C1CAA1F70F178395E93C05E55946061E695598/",
    "AudioLibrary": [
      {
        "Item1": "http://cloud-3.steamusercontent.com/ugc/773976977327440295/17C1CAA1F70F178395E93C05E55946061E695598/",
        "Item2": "Ultramarines Chant"
      }
    ]
  },
  "Grid": {
    "Type": 0,
    "Lines": false,
    "Color": {
      "r": 0.0,
      "g": 0.0,
      "b": 0.0
    },
    "Opacity": 0.75,
    "ThickLines": false,
    "Snapping": false,
    "Offset": false,
    "BothSnapping": false,
    "xSize": 2.0,
    "ySize": 2.0,
    "PosOffset": {
      "x": 0.0,
      "y": 1.0,
      "z": 0.0
    }
  },
  "Lighting": {
    "LightIntensity": 0.54,
    "LightColor": {
      "r": 1.0,
      "g": 0.9804,
      "b": 0.8902
    },
    "AmbientIntensity": 1.3,
    "AmbientType": 0,
    "AmbientSkyColor": {
      "r": 0.5,
      "g": 0.5,
      "b": 0.5
    },
    "AmbientEquatorColor": {
      "r": 0.5,
      "g": 0.5,
      "b": 0.5
    },
    "AmbientGroundColor": {
      "r": 0.5,
      "g": 0.5,
      "b": 0.5
    },
    "ReflectionIntensity": 1.0,
    "LutIndex": 0,
    "LutContribution": 1.0
  },
  "Hands": {
    "Enable": true,
    "DisableUnused": false,
    "Hiding": 0,
    "HandTransforms": [
      {
        "Color": "Red",
        "Transform": {
          "posX": -15.2383451,
          "posY": 3.55837965,
          "posZ": -15.4102287,
          "rotX": 0.0,
          "rotY": 45.0000038,
          "rotZ": 0.0,
          "scaleX": 11.6554279,
          "scaleY": 9.174537,
          "scaleZ": 6.76724052
        }
      },
      {
        "Color": "Yellow",
        "Transform": {
          "posX": -15.3520746,
          "posY": 3.55837774,
          "posZ": 15.1043739,
          "rotX": 0.0,
          "rotY": 135.000015,
          "rotZ": 0.0,
          "scaleX": 11.6556225,
          "scaleY": 9.174537,
          "scaleZ": 6.767352
        }
      },
      {
        "Color": "Purple",
        "Transform": {
          "posX": 21.5308113,
          "posY": 3.55837774,
          "posZ": 0.05564022,
          "rotX": 0.0,
          "rotY": 270.0,
          "rotZ": 0.0,
          "scaleX": 11.6557045,
          "scaleY": 9.174537,
          "scaleZ": 6.767454
        }
      },
      {
        "Color": "Blue",
        "Transform": {
          "posX": 15.3141708,
          "posY": 3.55837774,
          "posZ": 15.1422806,
          "rotX": 0.0,
          "rotY": 224.999985,
          "rotZ": 0.0,
          "scaleX": 11.6554832,
          "scaleY": 9.174537,
          "scaleZ": 6.767271
        }
      },
      {
        "Color": "White",
        "Transform": {
          "posX": -4.76837158E-07,
          "posY": 3.55838346,
          "posZ": -21.47526,
          "rotX": 0.0,
          "rotY": 0.0,
          "rotZ": 0.0,
          "scaleX": 11.6554279,
          "scaleY": 9.174539,
          "scaleZ": 6.76723957
        }
      },
      {
        "Color": "Green",
        "Transform": {
          "posX": 4.76837158E-07,
          "posY": 3.55837774,
          "posZ": 21.2933922,
          "rotX": 0.0,
          "rotY": 180.0,
          "rotZ": 0.0,
          "scaleX": 11.6554279,
          "scaleY": 9.174537,
          "scaleZ": 6.76723337
        }
      },
      {
        "Color": "Pink",
        "Transform": {
          "posX": 15.3141727,
          "posY": 3.55837774,
          "posZ": -15.0311737,
          "rotX": 0.0,
          "rotY": 315.0,
          "rotZ": 0.0,
          "scaleX": 11.655488,
          "scaleY": 9.174537,
          "scaleZ": 6.76728058
        }
      },
      {
        "Color": "Orange",
        "Transform": {
          "posX": -21.5687141,
          "posY": 3.5583787,
          "posZ": -0.20971489,
          "rotX": 0.0,
          "rotY": 90.0,
          "rotZ": 0.0,
          "scaleX": 11.6556911,
          "scaleY": 9.174537,
          "scaleZ": 6.767444
        }
      }
    ]
  },
  "Turns": {
    "Enable": false,
    "Type": 0,
    "TurnOrder": [],
    "Reverse": false,
    "SkipEmpty": false,
    "DisableInteractions": false,
    "PassTurns": true,
    "TurnColor": ""
  },
  "ObjectStates": [
    {
      "Name": "Bag",
      "Transform": {
        "posX": 3.852773,
        "posY": 1.15718734,
        "posZ": 1.72109056,
        "rotX": 6.64845E-06,
        "rotY": 0.000552298152,
        "rotZ": -4.3672203E-06,
        "scaleX": 0.525000453,
        "scaleY": 0.525000453,
        "scaleZ": 0.525000453
      },
      "Nickname": "White Scars",
      "Description": "",
      "GMNotes": "",
      "ColorDiffuse": {
        "r": 0.9379409,
        "g": 0.918818533,
        "b": 0.898139656
      },
      "Locked": false,
      "Grid": true,
      "Snap": true,
      "IgnoreFoW": false,
      "Autoraise": true,
      "Sticky": true,
      "Tooltip": true,
      "GridProjection": false,
      "HideWhenFaceDown": false,
      "Hands": false,
      "MaterialIndex": -1,
      "MeshIndex": -1,
      "XmlUI": "",
      "LuaScript": "",
      "LuaScriptState": "",
      "ContainedObjects": [
        {
          "Name": "Custom_Assetbundle",
          "Transform": {
            "posX": 3.68933845,
            "posY": 2.56405449,
            "posZ": -6.8032937,
            "rotX": 359.612549,
            "rotY": 179.995789,
            "rotZ": 0.82861793,
            "scaleX": 0.250000417,
            "scaleY": 0.250000417,
            "scaleZ": 0.250000417
          },
          "Nickname": "Centurion Devastator - Grav-amp",
          "Description": "WS 4\nBS 4\nS 5\nT 5\nW 2\nI 4\nA 1\nLd 8\nSv 2+",
          "GMNotes": "",
          "ColorDiffuse": {
            "r": 1.0,
            "g": 1.0,
            "b": 1.0
          },
          "Locked": false,
          "Grid": true,
          "Snap": true,
          "IgnoreFoW": false,
          "Autoraise": true,
          "Sticky": true,
          "Tooltip": true,
          "GridProjection": false,
          "HideWhenFaceDown": false,
          "Hands": false,
          "CustomAssetbundle": {
            "AssetbundleURL": "http://cloud-3.steamusercontent.com/ugc/258218890818306344/C37A1C706A3678259ECB9D9B24C72829DD03CDD5/",
            "AssetbundleSecondaryURL": "",
            "MaterialIndex": 2,
            "TypeIndex": 1,
            "LoopingEffectIndex": 0
          },
          "XmlUI": "",
          "LuaScript": "",
          "LuaScriptState": "",
          "GUID": "8af18e"
        },
        {
          "Name": "Custom_Assetbundle",
          "Transform": {
            "posX": 5.224732,
            "posY": 2.53658271,
            "posZ": -5.138983,
            "rotX": 359.986328,
            "rotY": 224.9999,
            "rotZ": 0.0210160576,
            "scaleX": 0.250000417,
            "scaleY": 0.250000417,
            "scaleZ": 0.250000417
          },
          "Nickname": "Centurion Devastator Sergeant - Bolters",
          "Description": "WS 4\nBS 4\nS 5\nT 5\nW 2\nI 4\nA 1\nLd 8\nSv 2+",
          "GMNotes": "",
          "ColorDiffuse": {
            "r": 1.0,
            "g": 1.0,
            "b": 1.0
          },
          "Locked": false,
          "Grid": true,
          "Snap": true,
          "IgnoreFoW": false,
          "Autoraise": true,
          "Sticky": true,
          "Tooltip": true,
          "GridProjection": false,
          "HideWhenFaceDown": false,
          "Hands": false,
          "CustomAssetbundle": {
            "AssetbundleURL": "http://cloud-3.steamusercontent.com/ugc/787504189454102353/FB75F9E487B9FE009EE99145E77E6C4BCB6B4BE9/",
            "AssetbundleSecondaryURL": "",
            "MaterialIndex": 2,
            "TypeIndex": 1,
            "LoopingEffectIndex": 0
          },
          "XmlUI": "",
          "LuaScript": "",
          "LuaScriptState": "",
          "GUID": "d2eabc"
        },
        {
          "Name": "Custom_Assetbundle",
          "Transform": {
            "posX": 6.21319962,
            "posY": 2.55592632,
            "posZ": -6.89339352,
            "rotX": 0.006032847,
            "rotY": 179.999939,
            "rotZ": 0.0285629015,
            "scaleX": 0.250000417,
            "scaleY": 0.250000417,
            "scaleZ": 0.250000417
          },
          "Nickname": "Centurion Devastator - Lascannons",
          "Description": "WS 4\nBS 4\nS 5\nT 5\nW 2\nI 4\nA 1\nLd 8\nSv 2+",
          "GMNotes": "",
          "ColorDiffuse": {
            "r": 1.0,
            "g": 1.0,
            "b": 1.0
          },
          "Locked": false,
          "Grid": true,
          "Snap": true,
          "IgnoreFoW": false,
          "Autoraise": true,
          "Sticky": true,
          "Tooltip": true,
          "GridProjection": false,
          "HideWhenFaceDown": false,
          "Hands": false,
          "CustomAssetbundle": {
            "AssetbundleURL": "http://cloud-3.steamusercontent.com/ugc/258218890818311903/87EE49C53A511F2C2B4EC36F03DBEFEAEF8968D3/",
            "AssetbundleSecondaryURL": "",
            "MaterialIndex": 2,
            "TypeIndex": 1,
            "LoopingEffectIndex": 0
          },
          "XmlUI": "",
          "LuaScript": "",
          "LuaScriptState": "",
          "GUID": "bb6310"
        }
      ],
      "GUID": "acd2c8"
    },
    {
      "Name": "Bag",
      "Transform": {
        "posX": 1.16661382,
        "posY": 1.15718913,
        "posZ": 1.86166167,
        "rotX": 6.82189875E-06,
        "rotY": 359.9873,
        "rotZ": -4.46838021E-05,
        "scaleX": 0.525000453,
        "scaleY": 0.525000453,
        "scaleZ": 0.525000453
      },
      "Nickname": "Ultra Marines",
      "Description": "",
      "GMNotes": "",
      "ColorDiffuse": {
        "r": 0.118987672,
        "g": 0.0,
        "b": 1.0
      },
      "Locked": false,
      "Grid": true,
      "Snap": true,
      "IgnoreFoW": false,
      "Autoraise": true,
      "Sticky": true,
      "Tooltip": true,
      "GridProjection": false,
      "HideWhenFaceDown": false,
      "Hands": false,
      "MaterialIndex": -1,
      "MeshIndex": -1,
      "XmlUI": "",
      "LuaScript": "",
      "LuaScriptState": "",
      "ContainedObjects": [
        {
          "Name": "Custom_Assetbundle",
          "Transform": {
            "posX": 3.2191093,
            "posY": 2.5643115,
            "posZ": -4.551887,
            "rotX": 358.9405,
            "rotY": 179.995041,
            "rotZ": 0.491968781,
            "scaleX": 0.250000417,
            "scaleY": 0.250000417,
            "scaleZ": 0.250000417
          },
          "Nickname": "Centurion Devastator - Grav-amp",
          "Description": "WS 4\nBS 4\nS 5\nT 5\nW 2\nI 4\nA 1\nLd 8\nSv 2+",
          "GMNotes": "",
          "ColorDiffuse": {
            "r": 1.0,
            "g": 1.0,
            "b": 1.0
          },
          "Locked": false,
          "Grid": true,
          "Snap": true,
          "IgnoreFoW": false,
          "Autoraise": true,
          "Sticky": true,
          "Tooltip": true,
          "GridProjection": false,
          "HideWhenFaceDown": false,
          "Hands": false,
          "CustomAssetbundle": {
            "AssetbundleURL": "http://cloud-3.steamusercontent.com/ugc/258218890817929005/D8E2CC78AB7057D21D7961936E9A862AE9CB96AB/",
            "AssetbundleSecondaryURL": "",
            "MaterialIndex": 2,
            "TypeIndex": 1,
            "LoopingEffectIndex": 0
          },
          "XmlUI": "",
          "LuaScript": "",
          "LuaScriptState": "",
          "GUID": "214bbe"
        },
        {
          "Name": "Custom_Assetbundle",
          "Transform": {
            "posX": 2.931009,
            "posY": 2.573866,
            "posZ": -4.91829538,
            "rotX": 359.3772,
            "rotY": 180.001144,
            "rotZ": 359.7784,
            "scaleX": 0.475000441,
            "scaleY": 0.475000441,
            "scaleZ": 0.475000441
          },
          "Nickname": "",
          "Description": "",
          "GMNotes": "",
          "ColorDiffuse": {
            "r": 1.0,
            "g": 1.0,
            "b": 1.0
          },
          "Locked": false,
          "Grid": true,
          "Snap": true,
          "IgnoreFoW": false,
          "Autoraise": true,
          "Sticky": true,
          "Tooltip": true,
          "GridProjection": false,
          "HideWhenFaceDown": false,
          "Hands": false,
          "CustomAssetbundle": {
            "AssetbundleURL": "http://cloud-3.steamusercontent.com/ugc/787504189454102606/55B560CCEFA833BBA6C71B35EF7B37B827664683/",
            "AssetbundleSecondaryURL": "",
            "MaterialIndex": 0,
            "TypeIndex": 1,
            "LoopingEffectIndex": 0
          },
          "XmlUI": "",
          "LuaScript": "",
          "LuaScriptState": "",
          "GUID": "3f2878"
        },
        {
          "Name": "Custom_Assetbundle",
          "Transform": {
            "posX": 3.14017653,
            "posY": 2.57382774,
            "posZ": -5.01759529,
            "rotX": 359.7661,
            "rotY": 179.99852,
            "rotZ": 0.700330853,
            "scaleX": 0.250000417,
            "scaleY": 0.250000417,
            "scaleZ": 0.250000417
          },
          "Nickname": "Centurion Devastator - Lascannons",
          "Description": "WS 4\nBS 4\nS 5\nT 5\nW 2\nI 4\nA 1\nLd 8\nSv 2+",
          "GMNotes": "",
          "ColorDiffuse": {
            "r": 1.0,
            "g": 1.0,
            "b": 1.0
          },
          "Locked": false,
          "Grid": true,
          "Snap": true,
          "IgnoreFoW": false,
          "Autoraise": true,
          "Sticky": true,
          "Tooltip": true,
          "GridProjection": false,
          "HideWhenFaceDown": false,
          "Hands": false,
          "CustomAssetbundle": {
            "AssetbundleURL": "http://cloud-3.steamusercontent.com/ugc/258218890817920823/B0C191FA9F7E8712CB2F58D9AE7DC97C4F1D8DF0/",
            "AssetbundleSecondaryURL": "",
            "MaterialIndex": 2,
            "TypeIndex": 1,
            "LoopingEffectIndex": 0
          },
          "XmlUI": "",
          "LuaScript": "",
          "LuaScriptState": "",
          "GUID": "b28348"
        }
      ],
      "GUID": "a65b2a"
    },
    {
      "Name": "Bag",
      "Transform": {
        "posX": 3.73870325,
        "posY": 1.15718746,
        "posZ": -1.11741257,
        "rotX": 4.444126E-06,
        "rotY": 0.009788821,
        "rotZ": -1.96063183E-06,
        "scaleX": 0.525000453,
        "scaleY": 0.525000453,
        "scaleZ": 0.525000453
      },
      "Nickname": "Blood Ravens",
      "Description": "",
      "GMNotes": "",
      "ColorDiffuse": {
        "r": 1.0,
        "g": 0.0,
        "b": 0.0
      },
      "Locked": false,
      "Grid": true,
      "Snap": true,
      "IgnoreFoW": false,
      "Autoraise": true,
      "Sticky": true,
      "Tooltip": true,
      "GridProjection": false,
      "HideWhenFaceDown": false,
      "Hands": false,
      "MaterialIndex": -1,
      "MeshIndex": -1,
      "XmlUI": "",
      "LuaScript": "",
      "LuaScriptState": "",
      "ContainedObjects": [
        {
          "Name": "Custom_Assetbundle",
          "Transform": {
            "posX": -6.70260859,
            "posY": 2.57689738,
            "posZ": -7.94311428,
            "rotX": 359.471619,
            "rotY": 0.00760802859,
            "rotZ": 359.306976,
            "scaleX": 0.250000417,
            "scaleY": 0.250000417,
            "scaleZ": 0.250000417
          },
          "Nickname": "Centurion Devastator - Lascannons",
          "Description": "WS 4\nBS 4\nS 5\nT 5\nW 2\nI 4\nA 1\nLd 8\nSv 2+",
          "GMNotes": "",
          "ColorDiffuse": {
            "r": 1.0,
            "g": 1.0,
            "b": 1.0
          },
          "Locked": false,
          "Grid": true,
          "Snap": true,
          "IgnoreFoW": false,
          "Autoraise": true,
          "Sticky": true,
          "Tooltip": true,
          "GridProjection": false,
          "HideWhenFaceDown": false,
          "Hands": false,
          "CustomAssetbundle": {
            "AssetbundleURL": "http://cloud-3.steamusercontent.com/ugc/786356632927846396/F21C49FE9FFD5A9984A660F74C289015E9CDE8BB/",
            "AssetbundleSecondaryURL": "",
            "MaterialIndex": 0,
            "TypeIndex": 1,
            "LoopingEffectIndex": 0
          },
          "XmlUI": "",
          "LuaScript": "",
          "LuaScriptState": "",
          "GUID": "93c4b4"
        },
        {
          "Name": "Custom_Assetbundle",
          "Transform": {
            "posX": -4.578769,
            "posY": 2.57027268,
            "posZ": -7.46815634,
            "rotX": 359.988831,
            "rotY": 345.005127,
            "rotZ": 359.977966,
            "scaleX": 0.250000417,
            "scaleY": 0.250000417,
            "scaleZ": 0.250000417
          },
          "Nickname": "Centurion Devastator - Grav-amp",
          "Description": "WS 4\nBS 4\nS 5\nT 5\nW 2\nI 4\nA 1\nLd 8\nSv 2+",
          "GMNotes": "",
          "ColorDiffuse": {
            "r": 1.0,
            "g": 1.0,
            "b": 1.0
          },
          "Locked": false,
          "Grid": true,
          "Snap": true,
          "IgnoreFoW": false,
          "Autoraise": true,
          "Sticky": true,
          "Tooltip": true,
          "GridProjection": false,
          "HideWhenFaceDown": false,
          "Hands": false,
          "CustomAssetbundle": {
            "AssetbundleURL": "http://cloud-3.steamusercontent.com/ugc/786356632927842937/61FA7950C4BCE53D539BDE0EAA8F8D16BADC0B06/",
            "AssetbundleSecondaryURL": "",
            "MaterialIndex": 0,
            "TypeIndex": 1,
            "LoopingEffectIndex": 0
          },
          "XmlUI": "",
          "LuaScript": "",
          "LuaScriptState": "",
          "GUID": "c2e932"
        },
        {
          "Name": "Custom_Assetbundle",
          "Transform": {
            "posX": -8.871636,
            "posY": 2.57617545,
            "posZ": -7.63532,
            "rotX": 0.000392610353,
            "rotY": 15.0135412,
            "rotZ": 359.992859,
            "scaleX": 0.250000417,
            "scaleY": 0.250000417,
            "scaleZ": 0.250000417
          },
          "Nickname": "Centurion Devastator - Bolters",
          "Description": "WS 4\nBS 4\nS 5\nT 5\nW 2\nI 4\nA 1\nLd 8\nSv 2+",
          "GMNotes": "",
          "ColorDiffuse": {
            "r": 1.0,
            "g": 1.0,
            "b": 1.0
          },
          "Locked": false,
          "Grid": true,
          "Snap": true,
          "IgnoreFoW": false,
          "Autoraise": true,
          "Sticky": true,
          "Tooltip": true,
          "GridProjection": false,
          "HideWhenFaceDown": false,
          "Hands": false,
          "CustomAssetbundle": {
            "AssetbundleURL": "http://cloud-3.steamusercontent.com/ugc/786356632927833856/87263854E4801A3163FBBEBBC931E6B0F813F01D/",
            "AssetbundleSecondaryURL": "",
            "MaterialIndex": 0,
            "TypeIndex": 1,
            "LoopingEffectIndex": 0
          },
          "XmlUI": "",
          "LuaScript": "",
          "LuaScriptState": "",
          "GUID": "d29dfc"
        }
      ],
      "GUID": "7059a3"
    },
    {
      "Name": "Bag",
      "Transform": {
        "posX": 1.30787015,
        "posY": 1.15718842,
        "posZ": -1.14125311,
        "rotX": -1.07476787E-07,
        "rotY": 0.0021619217,
        "rotZ": 4.00223034E-05,
        "scaleX": 0.525000453,
        "scaleY": 0.525000453,
        "scaleZ": 0.525000453
      },
      "Nickname": "Iron Hands",
      "Description": "",
      "GMNotes": "",
      "ColorDiffuse": {
        "r": 0.03707132,
        "g": 0.0194649566,
        "b": 0.000425513717
      },
      "Locked": false,
      "Grid": true,
      "Snap": true,
      "IgnoreFoW": false,
      "Autoraise": true,
      "Sticky": true,
      "Tooltip": true,
      "GridProjection": false,
      "HideWhenFaceDown": false,
      "Hands": false,
      "MaterialIndex": -1,
      "MeshIndex": -1,
      "XmlUI": "",
      "LuaScript": "",
      "LuaScriptState": "",
      "ContainedObjects": [
        {
          "Name": "Custom_Assetbundle",
          "Transform": {
            "posX": 0.06616672,
            "posY": 2.56613731,
            "posZ": -8.14821148,
            "rotX": 359.895416,
            "rotY": 45.00127,
            "rotZ": 358.975983,
            "scaleX": 0.250000417,
            "scaleY": 0.250000417,
            "scaleZ": 0.250000417
          },
          "Nickname": "Centurion Devastator Sergeant - Grav-amp",
          "Description": "WS 4\nBS 4\nS 5\nT 5\nW 2\nI 4\nA 1\nLd 9\nSv 2+",
          "GMNotes": "",
          "ColorDiffuse": {
            "r": 1.0,
            "g": 1.0,
            "b": 1.0
          },
          "Locked": false,
          "Grid": true,
          "Snap": true,
          "IgnoreFoW": false,
          "Autoraise": true,
          "Sticky": true,
          "Tooltip": true,
          "GridProjection": false,
          "HideWhenFaceDown": false,
          "Hands": false,
          "CustomAssetbundle": {
            "AssetbundleURL": "http://cloud-3.steamusercontent.com/ugc/948473200489700916/88FD2ABCB74DBE7432AD27CF1F375E0AE7CA3363/",
            "AssetbundleSecondaryURL": "",
            "MaterialIndex": 2,
            "TypeIndex": 1,
            "LoopingEffectIndex": 0
          },
          "XmlUI": "",
          "LuaScript": "",
          "LuaScriptState": "",
          "GUID": "58327f"
        },
        {
          "Name": "Custom_Assetbundle",
          "Transform": {
            "posX": 0.3639382,
            "posY": 2.564096,
            "posZ": -8.118762,
            "rotX": 0.57189244,
            "rotY": 74.99704,
            "rotZ": 359.2907,
            "scaleX": 0.250000417,
            "scaleY": 0.250000417,
            "scaleZ": 0.250000417
          },
          "Nickname": "Centurion Devastator Sergeant - Lascannons",
          "Description": "WS 4\nBS 4\nS 5\nT 5\nW 2\nI 4\nA 1\nLd 9\nSv 2+",
          "GMNotes": "",
          "ColorDiffuse": {
            "r": 1.0,
            "g": 1.0,
            "b": 1.0
          },
          "Locked": false,
          "Grid": true,
          "Snap": true,
          "IgnoreFoW": false,
          "Autoraise": true,
          "Sticky": true,
          "Tooltip": true,
          "GridProjection": false,
          "HideWhenFaceDown": false,
          "Hands": false,
          "CustomAssetbundle": {
            "AssetbundleURL": "http://cloud-3.steamusercontent.com/ugc/948473200489698871/88CF977CE17166F08B20C0D092BA2E5E6074E358/",
            "AssetbundleSecondaryURL": "",
            "MaterialIndex": 2,
            "TypeIndex": 1,
            "LoopingEffectIndex": 0
          },
          "XmlUI": "",
          "LuaScript": "",
          "LuaScriptState": "",
          "GUID": "eabae1"
        },
        {
          "Name": "Custom_Assetbundle",
          "Transform": {
            "posX": 1.24808848,
            "posY": 2.349766,
            "posZ": -1.52626669,
            "rotX": 359.1364,
            "rotY": 30.0028667,
            "rotZ": 359.647858,
            "scaleX": 0.250000417,
            "scaleY": 0.250000417,
            "scaleZ": 0.250000417
          },
          "Nickname": "Centurion Devastator Sergeant - Bolters",
          "Description": "WS 4\nBS 4\nS 5\nT 5\nW 2\nI 4\nA 1\nLd 9\nSv 2+",
          "GMNotes": "",
          "ColorDiffuse": {
            "r": 1.0,
            "g": 1.0,
            "b": 1.0
          },
          "Locked": false,
          "Grid": true,
          "Snap": true,
          "IgnoreFoW": false,
          "Autoraise": true,
          "Sticky": true,
          "Tooltip": true,
          "GridProjection": false,
          "HideWhenFaceDown": false,
          "Hands": false,
          "CustomAssetbundle": {
            "AssetbundleURL": "http://cloud-3.steamusercontent.com/ugc/948473200489703036/0D7B119EC1FE72124E17C2EC5F59F811CFF46377/",
            "AssetbundleSecondaryURL": "",
            "MaterialIndex": 2,
            "TypeIndex": 1,
            "LoopingEffectIndex": 0
          },
          "XmlUI": "",
          "LuaScript": "",
          "LuaScriptState": "",
          "GUID": "5b9cf1"
        }
      ],
      "GUID": "c2ce3f"
    },
    {
      "Name": "Bag",
      "Transform": {
        "posX": -1.25329936,
        "posY": 1.15718913,
        "posZ": -0.8975024,
        "rotX": 1.20553955E-06,
        "rotY": 359.993835,
        "rotZ": -3.25801957E-05,
        "scaleX": 0.525000453,
        "scaleY": 0.525000453,
        "scaleZ": 0.525000453
      },
      "Nickname": "Raven Guard",
      "Description": "",
      "GMNotes": "",
      "ColorDiffuse": {
        "r": 0.03707132,
        "g": 0.0194649566,
        "b": 0.000425513717
      },
      "Locked": false,
      "Grid": true,
      "Snap": true,
      "IgnoreFoW": false,
      "Autoraise": true,
      "Sticky": true,
      "Tooltip": true,
      "GridProjection": false,
      "HideWhenFaceDown": false,
      "Hands": false,
      "MaterialIndex": -1,
      "MeshIndex": -1,
      "XmlUI": "",
      "LuaScript": "",
      "LuaScriptState": "",
      "ContainedObjects": [
        {
          "Name": "Custom_Assetbundle",
          "Transform": {
            "posX": -2.71302962,
            "posY": 2.559524,
            "posZ": -6.942714,
            "rotX": 359.234039,
            "rotY": 179.99498,
            "rotZ": 359.402557,
            "scaleX": 0.250000417,
            "scaleY": 0.250000417,
            "scaleZ": 0.250000417
          },
          "Nickname": "Centurion Devastator - Bolters",
          "Description": "WS 4\nBS 4\nS 5\nT 5\nW 2\nI 4\nA 1\nLd 8\nSv 2+",
          "GMNotes": "",
          "ColorDiffuse": {
            "r": 1.0,
            "g": 1.0,
            "b": 1.0
          },
          "Locked": false,
          "Grid": true,
          "Snap": true,
          "IgnoreFoW": false,
          "Autoraise": true,
          "Sticky": true,
          "Tooltip": true,
          "GridProjection": false,
          "HideWhenFaceDown": false,
          "Hands": false,
          "CustomAssetbundle": {
            "AssetbundleURL": "http://cloud-3.steamusercontent.com/ugc/258218890818187850/AD450C8C5990CDCBE67D02E2C7962E873AC001F5/",
            "AssetbundleSecondaryURL": "",
            "MaterialIndex": 2,
            "TypeIndex": 1,
            "LoopingEffectIndex": 0
          },
          "XmlUI": "",
          "LuaScript": "",
          "LuaScriptState": "",
          "GUID": "987c1b"
        },
        {
          "Name": "Custom_Assetbundle",
          "Transform": {
            "posX": -4.49953,
            "posY": 2.56542754,
            "posZ": -7.894006,
            "rotX": 0.00603404362,
            "rotY": 179.999863,
            "rotZ": 0.02856653,
            "scaleX": 0.250000417,
            "scaleY": 0.250000417,
            "scaleZ": 0.250000417
          },
          "Nickname": "Centurion Devastator - Lascannons",
          "Description": "WS 4\nBS 4\nS 5\nT 5\nW 2\nI 4\nA 1\nLd 8\nSv 2+",
          "GMNotes": "",
          "ColorDiffuse": {
            "r": 1.0,
            "g": 1.0,
            "b": 1.0
          },
          "Locked": false,
          "Grid": true,
          "Snap": true,
          "IgnoreFoW": false,
          "Autoraise": true,
          "Sticky": true,
          "Tooltip": true,
          "GridProjection": false,
          "HideWhenFaceDown": false,
          "Hands": false,
          "CustomAssetbundle": {
            "AssetbundleURL": "http://cloud-3.steamusercontent.com/ugc/258218890818225557/181CC9B57969B5C4987281EA9931CE07FA14F6AE/",
            "AssetbundleSecondaryURL": "",
            "MaterialIndex": 2,
            "TypeIndex": 1,
            "LoopingEffectIndex": 0
          },
          "XmlUI": "",
          "LuaScript": "",
          "LuaScriptState": "",
          "GUID": "bb7966"
        },
        {
          "Name": "Custom_Assetbundle",
          "Transform": {
            "posX": -1.30265141,
            "posY": 2.3468256,
            "posZ": -2.84651017,
            "rotX": 1.07662272,
            "rotY": 179.9959,
            "rotZ": 359.593658,
            "scaleX": 0.250000417,
            "scaleY": 0.250000417,
            "scaleZ": 0.250000417
          },
          "Nickname": "Centurion Devastator - Grav-amp",
          "Description": "WS 4\nBS 4\nS 5\nT 5\nW 2\nI 4\nA 1\nLd 8\nSv 2+",
          "GMNotes": "",
          "ColorDiffuse": {
            "r": 1.0,
            "g": 1.0,
            "b": 1.0
          },
          "Locked": false,
          "Grid": true,
          "Snap": true,
          "IgnoreFoW": false,
          "Autoraise": true,
          "Sticky": true,
          "Tooltip": true,
          "GridProjection": false,
          "HideWhenFaceDown": false,
          "Hands": false,
          "CustomAssetbundle": {
            "AssetbundleURL": "http://cloud-3.steamusercontent.com/ugc/258218890818211326/E22E327D6B38D6492401C716B0F8058F5D163848/",
            "AssetbundleSecondaryURL": "",
            "MaterialIndex": 2,
            "TypeIndex": 1,
            "LoopingEffectIndex": 0
          },
          "XmlUI": "",
          "LuaScript": "",
          "LuaScriptState": "",
          "GUID": "b06aa9"
        }
      ],
      "GUID": "1681d2"
    },
    {
      "Name": "Bag",
      "Transform": {
        "posX": -1.81794,
        "posY": 1.15718937,
        "posZ": 2.01317525,
        "rotX": 3.70389716E-06,
        "rotY": 359.986328,
        "rotZ": -1.12996031E-05,
        "scaleX": 0.525000453,
        "scaleY": 0.525000453,
        "scaleZ": 0.525000453
      },
      "Nickname": "Imperial Fists",
      "Description": "",
      "GMNotes": "",
      "ColorDiffuse": {
        "r": 1.0,
        "g": 0.951702535,
        "b": 0.0
      },
      "Locked": false,
      "Grid": true,
      "Snap": true,
      "IgnoreFoW": false,
      "Autoraise": true,
      "Sticky": true,
      "Tooltip": true,
      "GridProjection": false,
      "HideWhenFaceDown": false,
      "Hands": false,
      "MaterialIndex": -1,
      "MeshIndex": -1,
      "XmlUI": "",
      "LuaScript": "",
      "LuaScriptState": "",
      "ContainedObjects": [
        {
          "Name": "Custom_Assetbundle",
          "Transform": {
            "posX": -1.67819524,
            "posY": 2.56563354,
            "posZ": -5.03501844,
            "rotX": 359.9553,
            "rotY": 179.99942,
            "rotZ": 1.19987488,
            "scaleX": 0.250000417,
            "scaleY": 0.250000417,
            "scaleZ": 0.250000417
          },
          "Nickname": "Centurion Devastator - Bolters",
          "Description": "WS 4\nBS 4\nS 5\nT 5\nW 2\nI 4\nA 1\nLd 8\nSv 2+",
          "GMNotes": "",
          "ColorDiffuse": {
            "r": 1.0,
            "g": 1.0,
            "b": 1.0
          },
          "Locked": false,
          "Grid": true,
          "Snap": true,
          "IgnoreFoW": false,
          "Autoraise": true,
          "Sticky": true,
          "Tooltip": true,
          "GridProjection": false,
          "HideWhenFaceDown": false,
          "Hands": false,
          "CustomAssetbundle": {
            "AssetbundleURL": "http://cloud-3.steamusercontent.com/ugc/258218890818170282/0CADCC09FBBA4747943AC1055AB29608351EDA43/",
            "AssetbundleSecondaryURL": "",
            "MaterialIndex": 2,
            "TypeIndex": 1,
            "LoopingEffectIndex": 0
          },
          "XmlUI": "",
          "LuaScript": "",
          "LuaScriptState": "",
          "GUID": "900b07"
        },
        {
          "Name": "Custom_Assetbundle",
          "Transform": {
            "posX": -1.16307151,
            "posY": 2.563671,
            "posZ": -2.67206573,
            "rotX": 0.00603490276,
            "rotY": 179.999557,
            "rotZ": 0.0285631549,
            "scaleX": 0.250000417,
            "scaleY": 0.250000417,
            "scaleZ": 0.250000417
          },
          "Nickname": "Centurion Devastator - Lascannons",
          "Description": "WS 4\nBS 4\nS 5\nT 5\nW 2\nI 4\nA 1\nLd 8\nSv 2+",
          "GMNotes": "",
          "ColorDiffuse": {
            "r": 1.0,
            "g": 1.0,
            "b": 1.0
          },
          "Locked": false,
          "Grid": true,
          "Snap": true,
          "IgnoreFoW": false,
          "Autoraise": true,
          "Sticky": true,
          "Tooltip": true,
          "GridProjection": false,
          "HideWhenFaceDown": false,
          "Hands": false,
          "CustomAssetbundle": {
            "AssetbundleURL": "http://cloud-3.steamusercontent.com/ugc/258218890818182355/6C0B2B7C244BEB20B96A97CAA07BCE1C60CD5FC7/",
            "AssetbundleSecondaryURL": "",
            "MaterialIndex": 2,
            "TypeIndex": 1,
            "LoopingEffectIndex": 0
          },
          "XmlUI": "",
          "LuaScript": "",
          "LuaScriptState": "",
          "GUID": "d4ab87"
        },
        {
          "Name": "Custom_Assetbundle",
          "Transform": {
            "posX": -1.24974155,
            "posY": 2.5620873,
            "posZ": -1.78614938,
            "rotX": 358.008972,
            "rotY": 179.984772,
            "rotZ": 359.8807,
            "scaleX": 0.250000417,
            "scaleY": 0.250000417,
            "scaleZ": 0.250000417
          },
          "Nickname": "Centurion Devastator - Grav-amp",
          "Description": "WS 4\nBS 4\nS 5\nT 5\nW 2\nI 4\nA 1\nLd 8\nSv 2+",
          "GMNotes": "",
          "ColorDiffuse": {
            "r": 1.0,
            "g": 1.0,
            "b": 1.0
          },
          "Locked": false,
          "Grid": true,
          "Snap": true,
          "IgnoreFoW": false,
          "Autoraise": true,
          "Sticky": true,
          "Tooltip": true,
          "GridProjection": false,
          "HideWhenFaceDown": false,
          "Hands": false,
          "CustomAssetbundle": {
            "AssetbundleURL": "http://cloud-3.steamusercontent.com/ugc/258218890818178186/F13C56ECCBDA36A928BF1DF5B5136F6AD223D546/",
            "AssetbundleSecondaryURL": "",
            "MaterialIndex": 2,
            "TypeIndex": 1,
            "LoopingEffectIndex": 0
          },
          "XmlUI": "",
          "LuaScript": "",
          "LuaScriptState": "",
          "GUID": "2ab823"
        }
      ],
      "GUID": "24766d"
    },
    {
      "Name": "Bag",
      "Transform": {
        "posX": -4.139602,
        "posY": 1.15718842,
        "posZ": 1.897662,
        "rotX": 5.82921457E-05,
        "rotY": 0.00650398,
        "rotZ": -7.455538E-06,
        "scaleX": 0.525000453,
        "scaleY": 0.525000453,
        "scaleZ": 0.525000453
      },
      "Nickname": "Salamanders",
      "Description": "",
      "GMNotes": "",
      "ColorDiffuse": {
        "r": 0.0136121092,
        "g": 0.910114765,
        "b": 0.0536304936
      },
      "Locked": false,
      "Grid": true,
      "Snap": true,
      "IgnoreFoW": false,
      "Autoraise": true,
      "Sticky": true,
      "Tooltip": true,
      "GridProjection": false,
      "HideWhenFaceDown": false,
      "Hands": false,
      "MaterialIndex": -1,
      "MeshIndex": -1,
      "XmlUI": "",
      "LuaScript": "",
      "LuaScriptState": "",
      "ContainedObjects": [
        {
          "Name": "Custom_Assetbundle",
          "Transform": {
            "posX": -9.677673,
            "posY": 2.57577562,
            "posZ": -4.78800774,
            "rotX": 1.11825514,
            "rotY": 179.99675,
            "rotZ": 359.638824,
            "scaleX": 0.250000417,
            "scaleY": 0.250000417,
            "scaleZ": 0.250000417
          },
          "Nickname": "Centurion Devastator - Bolters",
          "Description": "WS 4\nBS 4\nS 5\nT 5\nW 2\nI 4\nA 1\nLd 8\nSv 2+",
          "GMNotes": "",
          "ColorDiffuse": {
            "r": 1.0,
            "g": 1.0,
            "b": 1.0
          },
          "Locked": false,
          "Grid": true,
          "Snap": true,
          "IgnoreFoW": false,
          "Autoraise": true,
          "Sticky": true,
          "Tooltip": true,
          "GridProjection": false,
          "HideWhenFaceDown": false,
          "Hands": false,
          "CustomAssetbundle": {
            "AssetbundleURL": "http://cloud-3.steamusercontent.com/ugc/258218890818257029/C76365C240AA0A8D1936DB116F9C19B12030C08A/",
            "AssetbundleSecondaryURL": "",
            "MaterialIndex": 2,
            "TypeIndex": 1,
            "LoopingEffectIndex": 0
          },
          "XmlUI": "",
          "LuaScript": "",
          "LuaScriptState": "",
          "GUID": "3d08b9"
        },
        {
          "Name": "Custom_Assetbundle",
          "Transform": {
            "posX": -9.3325,
            "posY": 2.57874727,
            "posZ": -3.43635678,
            "rotX": 359.078522,
            "rotY": 179.998154,
            "rotZ": 0.199020386,
            "scaleX": 0.250000417,
            "scaleY": 0.250000417,
            "scaleZ": 0.250000417
          },
          "Nickname": "Centurion Devastator - Grav-amp",
          "Description": "WS 4\nBS 4\nS 5\nT 5\nW 2\nI 4\nA 1\nLd 8\nSv 2+",
          "GMNotes": "",
          "ColorDiffuse": {
            "r": 1.0,
            "g": 1.0,
            "b": 1.0
          },
          "Locked": false,
          "Grid": true,
          "Snap": true,
          "IgnoreFoW": false,
          "Autoraise": true,
          "Sticky": true,
          "Tooltip": true,
          "GridProjection": false,
          "HideWhenFaceDown": false,
          "Hands": false,
          "CustomAssetbundle": {
            "AssetbundleURL": "http://cloud-3.steamusercontent.com/ugc/258218890818269244/8EFB0B429CC7B41154A7466DFC09B7C3C1B9E61F/",
            "AssetbundleSecondaryURL": "",
            "MaterialIndex": 2,
            "TypeIndex": 1,
            "LoopingEffectIndex": 0
          },
          "XmlUI": "",
          "LuaScript": "",
          "LuaScriptState": "",
          "GUID": "a19e36"
        },
        {
          "Name": "Custom_Assetbundle",
          "Transform": {
            "posX": -9.651728,
            "posY": 2.58462787,
            "posZ": -4.72788668,
            "rotX": 1.10517073,
            "rotY": 179.996552,
            "rotZ": 359.6024,
            "scaleX": 0.250000417,
            "scaleY": 0.250000417,
            "scaleZ": 0.250000417
          },
          "Nickname": "Centurion Devastator - Lascannons",
          "Description": "WS 4\nBS 4\nS 5\nT 5\nW 2\nI 4\nA 1\nLd 8\nSv 2+",
          "GMNotes": "",
          "ColorDiffuse": {
            "r": 1.0,
            "g": 1.0,
            "b": 1.0
          },
          "Locked": false,
          "Grid": true,
          "Snap": true,
          "IgnoreFoW": false,
          "Autoraise": true,
          "Sticky": true,
          "Tooltip": true,
          "GridProjection": false,
          "HideWhenFaceDown": false,
          "Hands": false,
          "CustomAssetbundle": {
            "AssetbundleURL": "http://cloud-3.steamusercontent.com/ugc/258218890818293721/EDE65F2F83F93C03317CFBDED943D50F464E2F1B/",
            "AssetbundleSecondaryURL": "",
            "MaterialIndex": 2,
            "TypeIndex": 1,
            "LoopingEffectIndex": 0
          },
          "XmlUI": "",
          "LuaScript": "",
          "LuaScriptState": "",
          "GUID": "3e9756"
        }
      ],
      "GUID": "4d1d41"
    },
    {
      "Name": "Bag",
      "Transform": {
        "posX": -3.95729065,
        "posY": 1.15718794,
        "posZ": -0.839963853,
        "rotX": 5.07481957E-07,
        "rotY": 359.992767,
        "rotZ": -4.39777141E-05,
        "scaleX": 0.525000453,
        "scaleY": 0.525000453,
        "scaleZ": 0.525000453
      },
      "Nickname": "Black Templars",
      "Description": "",
      "GMNotes": "",
      "ColorDiffuse": {
        "r": 0.03707132,
        "g": 0.0194649566,
        "b": 0.000425513717
      },
      "Locked": false,
      "Grid": true,
      "Snap": true,
      "IgnoreFoW": false,
      "Autoraise": true,
      "Sticky": true,
      "Tooltip": true,
      "GridProjection": false,
      "HideWhenFaceDown": false,
      "Hands": false,
      "MaterialIndex": -1,
      "MeshIndex": -1,
      "XmlUI": "",
      "LuaScript": "",
      "LuaScriptState": "",
      "ContainedObjects": [
        {
          "Name": "Custom_Assetbundle",
          "Transform": {
            "posX": 1.35736012,
            "posY": 2.56471276,
            "posZ": -5.72867775,
            "rotX": 359.3253,
            "rotY": 0.0126337111,
            "rotZ": 359.175079,
            "scaleX": 0.250000417,
            "scaleY": 0.250000417,
            "scaleZ": 0.250000417
          },
          "Nickname": "Centurion Devastator - Bolters",
          "Description": "WS 4\nBS 4\nS 5\nT 5\nW 2\nI 4\nA 1\nLd 8\nSv 2+",
          "GMNotes": "",
          "ColorDiffuse": {
            "r": 1.0,
            "g": 1.0,
            "b": 1.0
          },
          "Locked": false,
          "Grid": true,
          "Snap": true,
          "IgnoreFoW": false,
          "Autoraise": true,
          "Sticky": true,
          "Tooltip": true,
          "GridProjection": false,
          "HideWhenFaceDown": false,
          "Hands": false,
          "CustomAssetbundle": {
            "AssetbundleURL": "http://cloud-3.steamusercontent.com/ugc/948473200489692777/834D8A10E0002E063F049F10ED5095275F94501F/",
            "AssetbundleSecondaryURL": "",
            "MaterialIndex": 2,
            "TypeIndex": 1,
            "LoopingEffectIndex": 0
          },
          "XmlUI": "",
          "LuaScript": "",
          "LuaScriptState": "",
          "GUID": "a96804"
        },
        {
          "Name": "Custom_Assetbundle",
          "Transform": {
            "posX": 0.576967657,
            "posY": 2.56952381,
            "posZ": -4.8265686,
            "rotX": 1.07201445,
            "rotY": 0.00434358558,
            "rotZ": 0.483998746,
            "scaleX": 0.250000417,
            "scaleY": 0.250000417,
            "scaleZ": 0.250000417
          },
          "Nickname": "Centurion Devastator - Grav-amp",
          "Description": "WS 4\nBS 4\nS 5\nT 5\nW 2\nI 4\nA 1\nLd 8\nSv 2+",
          "GMNotes": "",
          "ColorDiffuse": {
            "r": 1.0,
            "g": 1.0,
            "b": 1.0
          },
          "Locked": false,
          "Grid": true,
          "Snap": true,
          "IgnoreFoW": false,
          "Autoraise": true,
          "Sticky": true,
          "Tooltip": true,
          "GridProjection": false,
          "HideWhenFaceDown": false,
          "Hands": false,
          "CustomAssetbundle": {
            "AssetbundleURL": "http://cloud-3.steamusercontent.com/ugc/948473200489697083/59438CCDC30289089140D665A35DB6D950CE645A/",
            "AssetbundleSecondaryURL": "",
            "MaterialIndex": 2,
            "TypeIndex": 1,
            "LoopingEffectIndex": 0
          },
          "XmlUI": "",
          "LuaScript": "",
          "LuaScriptState": "",
          "GUID": "221f5c"
        },
        {
          "Name": "Custom_Assetbundle",
          "Transform": {
            "posX": -4.07813644,
            "posY": 2.31000829,
            "posZ": -2.766252,
            "rotX": 356.0516,
            "rotY": 359.758881,
            "rotZ": 2.48346925,
            "scaleX": 0.250000417,
            "scaleY": 0.250000417,
            "scaleZ": 0.250000417
          },
          "Nickname": "Centurion Devastator - Lascannons",
          "Description": "WS 4\nBS 4\nS 5\nT 5\nW 2\nI 4\nA 1\nLd 8\nSv 2+",
          "GMNotes": "",
          "ColorDiffuse": {
            "r": 1.0,
            "g": 1.0,
            "b": 1.0
          },
          "Locked": false,
          "Grid": true,
          "Snap": true,
          "IgnoreFoW": false,
          "Autoraise": true,
          "Sticky": true,
          "Tooltip": true,
          "GridProjection": false,
          "HideWhenFaceDown": false,
          "Hands": false,
          "CustomAssetbundle": {
            "AssetbundleURL": "http://cloud-3.steamusercontent.com/ugc/948473200489705003/4F31385829D4DA1BA098EA199CBFC18376CC8988/",
            "AssetbundleSecondaryURL": "",
            "MaterialIndex": 2,
            "TypeIndex": 1,
            "LoopingEffectIndex": 0
          },
          "XmlUI": "",
          "LuaScript": "",
          "LuaScriptState": "",
          "GUID": "5e8b29"
        }
      ],
      "GUID": "74ffbb"
    },
    {
      "Name": "Notecard",
      "Transform": {
        "posX": 0.151398093,
        "posY": 1.32929623,
        "posZ": -4.15164232,
        "rotX": 359.862274,
        "rotY": -0.0005015233,
        "rotZ": 3.19373339E-06,
        "scaleX": 1.0,
        "scaleY": 1.0,
        "scaleZ": 1.0
      },
      "Nickname": "",
      "Description": "Note: Black Templar Centurions are being used as as a proxy for Iron Hands.",
      "GMNotes": "",
      "ColorDiffuse": {
        "r": 1.0,
        "g": 1.0,
        "b": 1.0
      },
      "Locked": false,
      "Grid": true,
      "Snap": true,
      "IgnoreFoW": false,
      "Autoraise": true,
      "Sticky": true,
      "Tooltip": true,
      "GridProjection": false,
      "HideWhenFaceDown": false,
      "Hands": false,
      "XmlUI": "",
      "LuaScript": "",
      "LuaScriptState": "",
      "GUID": "7cb396"
    }
  ],
  "DecalPallet": [],
  "TabStates": {
    "0": {
      "title": "Rules",
      "body": "",
      "color": "Grey",
      "visibleColor": {
        "r": 0.5,
        "g": 0.5,
        "b": 0.5
      },
      "id": 0
    },
    "1": {
      "title": "White",
      "body": "",
      "color": "White",
      "visibleColor": {
        "r": 1.0,
        "g": 1.0,
        "b": 1.0
      },
      "id": 1
    },
    "2": {
      "title": "Brown",
      "body": "",
      "color": "Brown",
      "visibleColor": {
        "r": 0.443,
        "g": 0.231,
        "b": 0.09
      },
      "id": 2
    },
    "3": {
      "title": "Red",
      "body": "",
      "color": "Red",
      "visibleColor": {
        "r": 0.856,
        "g": 0.1,
        "b": 0.094
      },
      "id": 3
    },
    "4": {
      "title": "Orange",
      "body": "",
      "color": "Orange",
      "visibleColor": {
        "r": 0.956,
        "g": 0.392,
        "b": 0.113
      },
      "id": 4
    },
    "5": {
      "title": "Yellow",
      "body": "",
      "color": "Yellow",
      "visibleColor": {
        "r": 0.905,
        "g": 0.898,
        "b": 0.172
      },
      "id": 5
    },
    "6": {
      "title": "Green",
      "body": "",
      "color": "Green",
      "visibleColor": {
        "r": 0.192,
        "g": 0.701,
        "b": 0.168
      },
      "id": 6
    },
    "7": {
      "title": "Blue",
      "body": "",
      "color": "Blue",
      "visibleColor": {
        "r": 0.118,
        "g": 0.53,
        "b": 1.0
      },
      "id": 7
    },
    "8": {
      "title": "Teal",
      "body": "",
      "color": "Teal",
      "visibleColor": {
        "r": 0.129,
        "g": 0.694,
        "b": 0.607
      },
      "id": 8
    },
    "9": {
      "title": "Purple",
      "body": "",
      "color": "Purple",
      "visibleColor": {
        "r": 0.627,
        "g": 0.125,
        "b": 0.941
      },
      "id": 9
    },
    "10": {
      "title": "Pink",
      "body": "",
      "color": "Pink",
      "visibleColor": {
        "r": 0.96,
        "g": 0.439,
        "b": 0.807
      },
      "id": 10
    },
    "11": {
      "title": "Black",
      "body": "",
      "color": "Black",
      "visibleColor": {
        "r": 0.25,
        "g": 0.25,
        "b": 0.25
      },
      "id": 11
    }
  },
  "VersionNumber": "v12.2.2"
}