{
  "SaveName": "BCB Map Base",
  "GameMode": "BCB Map Base",
  "Gravity": 0.5,
  "PlayArea": 0.5,
  "Date": "4/12/2020 9:05:50 PM",
  "Table": "Table_Octagon",
  "Sky": "Sky_Field",
  "Note": "",
  "Rules": "",
  "XmlUI": "<!-- Xml UI. See documentation: https://api.tabletopsimulator.com/ui/introUI/ -->",
  "LuaScript": "--[[ Lua code. See documentation: https://api.tabletopsimulator.com/ --]]\n\n--[[ The onLoad event is called after the game save finishes loading. --]]\nfunction onLoad()\n    --[[ print('onLoad!') --]]\nend\n\n--[[ The onUpdate event is called once per frame. --]]\nfunction onUpdate()\n    --[[ print('onUpdate loop!') --]]\nend",
  "LuaScriptState": "",
  "Grid": {
    "Type": 0,
    "Lines": false,
    "Color": {
      "r": 0.0,
      "g": 0.0,
      "b": 0.0
    },
    "Opacity": 0.75,
    "ThickLines": false,
    "Snapping": false,
    "Offset": false,
    "BothSnapping": false,
    "xSize": 2.0,
    "ySize": 2.0,
    "PosOffset": {
      "x": 0.0,
      "y": 1.0,
      "z": 0.0
    }
  },
  "Lighting": {
    "LightIntensity": 0.54,
    "LightColor": {
      "r": 1.0,
      "g": 0.9804,
      "b": 0.8902
    },
    "AmbientIntensity": 1.3,
    "AmbientType": 0,
    "AmbientSkyColor": {
      "r": 0.5,
      "g": 0.5,
      "b": 0.5
    },
    "AmbientEquatorColor": {
      "r": 0.5,
      "g": 0.5,
      "b": 0.5
    },
    "AmbientGroundColor": {
      "r": 0.5,
      "g": 0.5,
      "b": 0.5
    },
    "ReflectionIntensity": 1.0,
    "LutIndex": 0,
    "LutContribution": 1.0
  },
  "Hands": {
    "Enable": true,
    "DisableUnused": false,
    "Hiding": 0,
    "HandTransforms": [
      {
        "Color": "Red",
        "Transform": {
          "posX": -12.3078938,
          "posY": 3.66349268,
          "posZ": -12.4467239,
          "rotX": 0.0,
          "rotY": 45.0000038,
          "rotZ": 0.0,
          "scaleX": 9.413998,
          "scaleY": 8.96114,
          "scaleZ": 5.465847
        }
      },
      {
        "Color": "Yellow",
        "Transform": {
          "posX": -12.3997517,
          "posY": 3.6634984,
          "posZ": 12.199688,
          "rotX": 0.0,
          "rotY": 135.000015,
          "rotZ": 0.0,
          "scaleX": 9.414074,
          "scaleY": 8.96114,
          "scaleZ": 5.465889
        }
      },
      {
        "Color": "Purple",
        "Transform": {
          "posX": 17.3902683,
          "posY": 3.663497,
          "posZ": 0.044939518,
          "rotX": 0.0,
          "rotY": 270.0,
          "rotZ": 0.0,
          "scaleX": 9.414107,
          "scaleY": 8.96114,
          "scaleZ": 5.465901
        }
      },
      {
        "Color": "Blue",
        "Transform": {
          "posX": 12.36914,
          "posY": 3.66349554,
          "posZ": 12.2303085,
          "rotX": 0.0,
          "rotY": 225.0,
          "rotZ": 0.0,
          "scaleX": 9.413988,
          "scaleY": 8.96114,
          "scaleZ": 5.46583939
        }
      },
      {
        "Color": "White",
        "Transform": {
          "posX": 4.76837158E-06,
          "posY": 3.66349745,
          "posZ": -17.3453884,
          "rotX": 0.0,
          "rotY": 0.0,
          "rotZ": 0.0,
          "scaleX": 9.414002,
          "scaleY": 8.96114,
          "scaleZ": 5.46584272
        }
      },
      {
        "Color": "Green",
        "Transform": {
          "posX": -1.43051147E-06,
          "posY": 3.66349554,
          "posZ": 17.1985016,
          "rotX": 0.0,
          "rotY": 179.8,
          "rotZ": 0.0,
          "scaleX": 9.414087,
          "scaleY": 8.96114,
          "scaleZ": 5.46593332
        }
      },
      {
        "Color": "Pink",
        "Transform": {
          "posX": 12.3691339,
          "posY": 3.663496,
          "posZ": -12.1405659,
          "rotX": 0.0,
          "rotY": 315.0,
          "rotZ": 0.0,
          "scaleX": 9.414016,
          "scaleY": 8.96114,
          "scaleZ": 5.46585655
        }
      },
      {
        "Color": "Orange",
        "Transform": {
          "posX": -17.4208832,
          "posY": 3.663496,
          "posZ": -0.169384956,
          "rotX": 0.0,
          "rotY": 90.0,
          "rotZ": 0.0,
          "scaleX": 9.414108,
          "scaleY": 8.96114,
          "scaleZ": 5.46589947
        }
      }
    ]
  },
  "Turns": {
    "Enable": false,
    "Type": 0,
    "TurnOrder": [],
    "Reverse": false,
    "SkipEmpty": false,
    "DisableInteractions": false,
    "PassTurns": true,
    "TurnColor": ""
  },
  "ObjectStates": [
    {
      "Name": "3DText",
      "Transform": {
        "posX": 0.0,
        "posY": 0.96,
        "posZ": 0.0,
        "rotX": 90.0,
        "rotY": 0.0,
        "rotZ": 0.0,
        "scaleX": 1.0,
        "scaleY": 1.0,
        "scaleZ": 1.0
      },
      "Nickname": "",
      "Description": "",
      "GMNotes": "",
      "ColorDiffuse": {
        "r": 1.0,
        "g": 1.0,
        "b": 1.0
      },
      "Locked": true,
      "Grid": true,
      "Snap": true,
      "IgnoreFoW": false,
      "Autoraise": true,
      "Sticky": true,
      "Tooltip": true,
      "GridProjection": false,
      "HideWhenFaceDown": false,
      "Hands": false,
      "Text": {
        "Text": "Please download the latest version of my Map Bases\nand Map Tools from the workshop\nhttps://steamcommunity.com/workshop/filedetails/?id=1717042451",
        "colorstate": {
          "r": 1.0,
          "g": 1.0,
          "b": 1.0
        },
        "fontSize": 64
      },
      "XmlUI": "",
      "LuaScript": "",
      "LuaScriptState": "",
      "GUID": "bd060a"
    }
  ],
  "DecalPallet": [],
  "TabStates": {
    "0": {
      "title": "Rules",
      "body": "",
      "color": "Grey",
      "visibleColor": {
        "r": 0.5,
        "g": 0.5,
        "b": 0.5
      },
      "id": 0
    },
    "1": {
      "title": "White",
      "body": "",
      "color": "White",
      "visibleColor": {
        "r": 1.0,
        "g": 1.0,
        "b": 1.0
      },
      "id": 1
    },
    "2": {
      "title": "Brown",
      "body": "",
      "color": "Brown",
      "visibleColor": {
        "r": 0.443,
        "g": 0.231,
        "b": 0.09
      },
      "id": 2
    },
    "3": {
      "title": "Red",
      "body": "",
      "color": "Red",
      "visibleColor": {
        "r": 0.856,
        "g": 0.1,
        "b": 0.094
      },
      "id": 3
    },
    "4": {
      "title": "Orange",
      "body": "",
      "color": "Orange",
      "visibleColor": {
        "r": 0.956,
        "g": 0.392,
        "b": 0.113
      },
      "id": 4
    },
    "5": {
      "title": "Yellow",
      "body": "",
      "color": "Yellow",
      "visibleColor": {
        "r": 0.905,
        "g": 0.898,
        "b": 0.172
      },
      "id": 5
    },
    "6": {
      "title": "Green",
      "body": "",
      "color": "Green",
      "visibleColor": {
        "r": 0.192,
        "g": 0.701,
        "b": 0.168
      },
      "id": 6
    },
    "7": {
      "title": "Blue",
      "body": "",
      "color": "Blue",
      "visibleColor": {
        "r": 0.118,
        "g": 0.53,
        "b": 1.0
      },
      "id": 7
    },
    "8": {
      "title": "Teal",
      "body": "",
      "color": "Teal",
      "visibleColor": {
        "r": 0.129,
        "g": 0.694,
        "b": 0.607
      },
      "id": 8
    },
    "9": {
      "title": "Purple",
      "body": "",
      "color": "Purple",
      "visibleColor": {
        "r": 0.627,
        "g": 0.125,
        "b": 0.941
      },
      "id": 9
    },
    "10": {
      "title": "Pink",
      "body": "",
      "color": "Pink",
      "visibleColor": {
        "r": 0.96,
        "g": 0.439,
        "b": 0.807
      },
      "id": 10
    },
    "11": {
      "title": "Black",
      "body": "",
      "color": "Black",
      "visibleColor": {
        "r": 0.25,
        "g": 0.25,
        "b": 0.25
      },
      "id": 11
    }
  },
  "VersionNumber": "v12.3.5"
}