{
  "SaveName": "Forgotten Factory - 6'x4' ITC",
  "GameMode": "BCB 40k Map - 6'x4' Template",
  "Gravity": 0.5,
  "PlayArea": 0.5,
  "Date": "3/2/2020 6:44:55 PM",
  "Table": "Table_Custom_Square",
  "TableURL": "",
  "Sky": "Sky_Museum",
  "Note": "",
  "Rules": "",
  "XmlUI": "<!-- Xml UI. See documentation: https://api.tabletopsimulator.com/ui/introUI/ -->",
  "LuaScript": "--",
  "LuaScriptState": "",
  "Grid": {
    "Type": 0,
    "Lines": false,
    "Color": {
      "r": 0.0,
      "g": 0.0,
      "b": 0.0
    },
    "Opacity": 0.75,
    "ThickLines": true,
    "Snapping": false,
    "Offset": false,
    "BothSnapping": false,
    "xSize": 0.5,
    "ySize": 0.5,
    "PosOffset": {
      "x": 0.0,
      "y": 1.0,
      "z": 0.0
    }
  },
  "Lighting": {
    "LightIntensity": 0.54,
    "LightColor": {
      "r": 1.0,
      "g": 0.9804,
      "b": 0.8902
    },
    "AmbientIntensity": 1.3,
    "AmbientType": 0,
    "AmbientSkyColor": {
      "r": 0.5,
      "g": 0.5,
      "b": 0.5
    },
    "AmbientEquatorColor": {
      "r": 0.5,
      "g": 0.5,
      "b": 0.5
    },
    "AmbientGroundColor": {
      "r": 0.5,
      "g": 0.5,
      "b": 0.5
    },
    "ReflectionIntensity": 1.0,
    "LutIndex": 0,
    "LutContribution": 1.0
  },
  "Hands": {
    "Enable": true,
    "DisableUnused": true,
    "Hiding": 2,
    "HandTransforms": [
      {
        "Color": "Red",
        "Transform": {
          "posX": -9.482677,
          "posY": 2.9547317,
          "posZ": -28.5665779,
          "rotX": 0.0,
          "rotY": 0.0,
          "rotZ": 0.0,
          "scaleX": 9.482673,
          "scaleY": 6.697391,
          "scaleZ": 3.55600476
        }
      },
      {
        "Color": "Yellow",
        "Transform": {
          "posX": -28.6376839,
          "posY": 2.9547317,
          "posZ": 9.48268,
          "rotX": 0.0,
          "rotY": 90.0,
          "rotZ": 0.0,
          "scaleX": 9.48409748,
          "scaleY": 6.697391,
          "scaleZ": 3.55669785
        }
      },
      {
        "Color": "Purple",
        "Transform": {
          "posX": 28.5665646,
          "posY": 2.9547317,
          "posZ": 9.48268,
          "rotX": 0.0,
          "rotY": 270.0,
          "rotZ": 0.0,
          "scaleX": 9.48409748,
          "scaleY": 6.697391,
          "scaleZ": 3.55669785
        }
      },
      {
        "Color": "Blue",
        "Transform": {
          "posX": 11.8414936,
          "posY": 2.9547317,
          "posZ": 28.6732559,
          "rotX": 0.0,
          "rotY": 179.8,
          "rotZ": 0.0,
          "scaleX": 9.484519,
          "scaleY": 6.697391,
          "scaleZ": 3.55662942
        }
      },
      {
        "Color": "White",
        "Transform": {
          "posX": 9.482677,
          "posY": 2.9547317,
          "posZ": -28.60213,
          "rotX": 0.0,
          "rotY": 0.0,
          "rotZ": 0.0,
          "scaleX": 9.482673,
          "scaleY": 6.697391,
          "scaleZ": 3.55600476
        }
      },
      {
        "Color": "Green",
        "Transform": {
          "posX": -10.3242645,
          "posY": 2.9547317,
          "posZ": 28.6732559,
          "rotX": 0.0,
          "rotY": 180.0,
          "rotZ": 0.0,
          "scaleX": 9.482673,
          "scaleY": 6.697391,
          "scaleZ": 3.55600476
        }
      },
      {
        "Color": "Pink",
        "Transform": {
          "posX": 28.5665646,
          "posY": 2.9547317,
          "posZ": -9.399708,
          "rotX": 0.0,
          "rotY": 270.0,
          "rotZ": 0.0,
          "scaleX": 9.48409748,
          "scaleY": 6.697391,
          "scaleZ": 3.55669785
        }
      },
      {
        "Color": "Orange",
        "Transform": {
          "posX": -28.6021252,
          "posY": 2.9547317,
          "posZ": -9.672333,
          "rotX": 0.0,
          "rotY": 90.0,
          "rotZ": 0.0,
          "scaleX": 9.48409748,
          "scaleY": 6.697391,
          "scaleZ": 3.55669785
        }
      }
    ]
  },
  "Turns": {
    "Enable": false,
    "Type": 0,
    "TurnOrder": [],
    "Reverse": false,
    "SkipEmpty": false,
    "DisableInteractions": false,
    "PassTurns": true,
    "TurnColor": ""
  },
  "VectorLines": [
    {
      "points3": [
        {
          "x": -30.1,
          "y": 1.56,
          "z": 23.52
        },
        {
          "x": -29.86,
          "y": 1.56,
          "z": 23.52
        }
      ],
      "color": {
        "r": 1.0,
        "g": 1.0,
        "b": 1.0
      },
      "thickness": 0.1
    }
  ],
  "ObjectStates": [
    {
      "Name": "Custom_Model",
      "Transform": {
        "posX": 21.6571,
        "posY": 1.03857517,
        "posZ": 13.7190685,
        "rotX": 0.0169152487,
        "rotY": 179.971573,
        "rotZ": 0.07986836,
        "scaleX": 1.1721139,
        "scaleY": 0.625,
        "scaleZ": 0.7837992
      },
      "Nickname": "",
      "Description": "",
      "GMNotes": "",
      "ColorDiffuse": {
        "r": 0.9999998,
        "g": 0.992160261,
        "b": 0.9999998
      },
      "Locked": true,
      "Grid": true,
      "Snap": true,
      "IgnoreFoW": false,
      "Autoraise": true,
      "Sticky": true,
      "Tooltip": true,
      "GridProjection": false,
      "HideWhenFaceDown": false,
      "Hands": false,
      "CustomMesh": {
        "MeshURL": "https://www.dropbox.com/s/j9t6075wttlol2e/mod_city_ruin4.obj?dl=1",
        "DiffuseURL": "http://cloud-3.steamusercontent.com/ugc/1018319087584939127/BB2A16FF7EC818BD44D18397945278187B82E748/",
        "NormalURL": "https://www.dropbox.com/s/tkfcdlgghlwh6ol/lunarrock_n.jpg?dl=1",
        "ColliderURL": "https://www.dropbox.com/s/j9t6075wttlol2e/mod_city_ruin4.obj?dl=1",
        "Convex": false,
        "MaterialIndex": 0,
        "TypeIndex": 0,
        "CustomShader": {
          "SpecularColor": {
            "r": 1.0,
            "g": 1.0,
            "b": 1.0
          },
          "SpecularIntensity": 0.0,
          "SpecularSharpness": 2.0,
          "FresnelStrength": 1.0
        },
        "CastShadows": true
      },
      "XmlUI": "",
      "LuaScript": "",
      "LuaScriptState": "",
      "GUID": "89d92e"
    },
    {
      "Name": "Custom_Model",
      "Transform": {
        "posX": -0.445400238,
        "posY": 0.812621236,
        "posZ": 12.0674562,
        "rotX": 358.483032,
        "rotY": 180.0323,
        "rotZ": 359.068756,
        "scaleX": 1.8,
        "scaleY": 1.8,
        "scaleZ": 1.8
      },
      "Nickname": "",
      "Description": "",
      "GMNotes": "",
      "ColorDiffuse": {
        "r": 0.9999998,
        "g": 0.992160261,
        "b": 0.9999998
      },
      "Locked": true,
      "Grid": true,
      "Snap": true,
      "IgnoreFoW": false,
      "Autoraise": true,
      "Sticky": true,
      "Tooltip": true,
      "GridProjection": false,
      "HideWhenFaceDown": false,
      "Hands": false,
      "CustomMesh": {
        "MeshURL": "http://pastebin.com/raw.php?i=rAEZGq85",
        "DiffuseURL": "http://cloud-3.steamusercontent.com/ugc/1018319087584939127/BB2A16FF7EC818BD44D18397945278187B82E748/",
        "NormalURL": "",
        "ColliderURL": "http://pastebin.com/raw.php?i=rAEZGq85",
        "Convex": false,
        "MaterialIndex": 3,
        "TypeIndex": 0,
        "CastShadows": true
      },
      "XmlUI": "",
      "LuaScript": "",
      "LuaScriptState": "",
      "GUID": "6aa15d"
    },
    {
      "Name": "Custom_Model",
      "Transform": {
        "posX": -23.8214111,
        "posY": 0.894417644,
        "posZ": 15.8095055,
        "rotX": 359.9832,
        "rotY": 0.0422188155,
        "rotZ": 359.9201,
        "scaleX": 1.01160645,
        "scaleY": 0.8753363,
        "scaleZ": 0.5854259
      },
      "Nickname": "",
      "Description": "",
      "GMNotes": "",
      "ColorDiffuse": {
        "r": 0.9999998,
        "g": 0.992160261,
        "b": 0.9999998
      },
      "Locked": true,
      "Grid": true,
      "Snap": true,
      "IgnoreFoW": false,
      "Autoraise": false,
      "Sticky": true,
      "Tooltip": true,
      "GridProjection": false,
      "HideWhenFaceDown": false,
      "Hands": false,
      "CustomMesh": {
        "MeshURL": "https://www.dropbox.com/s/bwxzggxxzu7ex0y/destroy_wall15.obj?dl=1",
        "DiffuseURL": "https://www.dropbox.com/s/angz0qxl0bu75l2/wall.jpg?dl=1",
        "NormalURL": "",
        "ColliderURL": "https://www.dropbox.com/s/bwxzggxxzu7ex0y/destroy_wall15.obj?dl=1",
        "Convex": false,
        "MaterialIndex": 3,
        "TypeIndex": 1,
        "CastShadows": true
      },
      "XmlUI": "",
      "LuaScript": "",
      "LuaScriptState": "",
      "GUID": "506095"
    },
    {
      "Name": "Custom_Model",
      "Transform": {
        "posX": -22.5635757,
        "posY": 1.00705266,
        "posZ": -14.56979,
        "rotX": 359.919769,
        "rotY": 270.0046,
        "rotZ": 0.0168544035,
        "scaleX": 0.5,
        "scaleY": 0.5,
        "scaleZ": 0.5
      },
      "Nickname": "",
      "Description": "",
      "GMNotes": "",
      "ColorDiffuse": {
        "r": 0.9999998,
        "g": 0.992161334,
        "b": 0.9999998
      },
      "Locked": true,
      "Grid": true,
      "Snap": true,
      "IgnoreFoW": false,
      "Autoraise": false,
      "Sticky": true,
      "Tooltip": true,
      "GridProjection": false,
      "HideWhenFaceDown": false,
      "Hands": false,
      "CustomMesh": {
        "MeshURL": "https://drive.google.com/uc?export=download&id=0BwpXdiEgZ5GzZTBoM01wbzdScFU",
        "DiffuseURL": "http://cloud-3.steamusercontent.com/ugc/1018319087584941091/982AEA58574FC68F39851B7804997BDE9D6FD771/",
        "NormalURL": "",
        "ColliderURL": "",
        "Convex": true,
        "MaterialIndex": 0,
        "TypeIndex": 0,
        "CustomShader": {
          "SpecularColor": {
            "r": 1.0,
            "g": 1.0,
            "b": 1.0
          },
          "SpecularIntensity": 0.0,
          "SpecularSharpness": 7.0,
          "FresnelStrength": 0.4
        },
        "CastShadows": true
      },
      "XmlUI": "",
      "LuaScript": "",
      "LuaScriptState": "",
      "GUID": "d42e35"
    },
    {
      "Name": "Custom_Model",
      "Transform": {
        "posX": -22.55904,
        "posY": 1.028755,
        "posZ": 10.7106552,
        "rotX": 0.0162009932,
        "rotY": 180.609924,
        "rotZ": 0.07981213,
        "scaleX": 0.45,
        "scaleY": 0.45,
        "scaleZ": 0.45
      },
      "Nickname": "",
      "Description": "",
      "GMNotes": "",
      "ColorDiffuse": {
        "r": 0.9999998,
        "g": 0.992160261,
        "b": 0.9999998
      },
      "Locked": true,
      "Grid": true,
      "Snap": true,
      "IgnoreFoW": false,
      "Autoraise": false,
      "Sticky": true,
      "Tooltip": true,
      "GridProjection": false,
      "HideWhenFaceDown": false,
      "Hands": false,
      "CustomMesh": {
        "MeshURL": "https://drive.google.com/uc?export=download&id=0BwpXdiEgZ5GzTU1kclZMUTJHWE0",
        "DiffuseURL": "http://i.imgur.com/qYS0w5z.jpg",
        "NormalURL": "http://i.imgur.com/nS5ydXn.jpg",
        "ColliderURL": "https://drive.google.com/uc?export=download&id=0BwpXdiEgZ5GzZm04dHVtdDhkUzA",
        "Convex": false,
        "MaterialIndex": 0,
        "TypeIndex": 1,
        "CustomShader": {
          "SpecularColor": {
            "r": 1.0,
            "g": 1.0,
            "b": 1.0
          },
          "SpecularIntensity": 0.0,
          "SpecularSharpness": 7.0,
          "FresnelStrength": 0.4
        },
        "CastShadows": true
      },
      "XmlUI": "",
      "LuaScript": "",
      "LuaScriptState": "",
      "GUID": "b2265d"
    },
    {
      "Name": "Custom_Model",
      "Transform": {
        "posX": -6.5837574,
        "posY": -6.223329,
        "posZ": 12.2473154,
        "rotX": 359.983063,
        "rotY": 359.980865,
        "rotZ": 359.9201,
        "scaleX": 1.1081233,
        "scaleY": 0.75,
        "scaleZ": 1.23277521
      },
      "Nickname": "",
      "Description": "",
      "GMNotes": "",
      "ColorDiffuse": {
        "r": 0.9999998,
        "g": 0.992168248,
        "b": 0.9999998
      },
      "Locked": true,
      "Grid": true,
      "Snap": true,
      "IgnoreFoW": false,
      "Autoraise": true,
      "Sticky": true,
      "Tooltip": true,
      "GridProjection": false,
      "HideWhenFaceDown": false,
      "Hands": false,
      "CustomMesh": {
        "MeshURL": "https://www.dropbox.com/s/00da28vixf1n9pv/mod_city_ruin2.obj?dl=1",
        "DiffuseURL": "http://cloud-3.steamusercontent.com/ugc/1018319087584939127/BB2A16FF7EC818BD44D18397945278187B82E748/",
        "NormalURL": "https://www.dropbox.com/s/tkfcdlgghlwh6ol/lunarrock_n.jpg?dl=1",
        "ColliderURL": "https://www.dropbox.com/s/00da28vixf1n9pv/mod_city_ruin2.obj?dl=1",
        "Convex": false,
        "MaterialIndex": 1,
        "TypeIndex": 0,
        "CastShadows": true
      },
      "XmlUI": "",
      "LuaScript": "",
      "LuaScriptState": "",
      "GUID": "09ab55"
    },
    {
      "Name": "Custom_Model",
      "Transform": {
        "posX": 6.42686558,
        "posY": -6.237859,
        "posZ": 24.3096676,
        "rotX": 0.0168584753,
        "rotY": 179.987961,
        "rotZ": 0.0798720047,
        "scaleX": 1.1081233,
        "scaleY": 0.75,
        "scaleZ": 1.23277521
      },
      "Nickname": "",
      "Description": "",
      "GMNotes": "",
      "ColorDiffuse": {
        "r": 0.9999998,
        "g": 0.992168248,
        "b": 0.9999998
      },
      "Locked": true,
      "Grid": true,
      "Snap": true,
      "IgnoreFoW": false,
      "Autoraise": true,
      "Sticky": true,
      "Tooltip": true,
      "GridProjection": false,
      "HideWhenFaceDown": false,
      "Hands": false,
      "CustomMesh": {
        "MeshURL": "https://www.dropbox.com/s/00da28vixf1n9pv/mod_city_ruin2.obj?dl=1",
        "DiffuseURL": "http://cloud-3.steamusercontent.com/ugc/1018319087584939127/BB2A16FF7EC818BD44D18397945278187B82E748/",
        "NormalURL": "https://www.dropbox.com/s/tkfcdlgghlwh6ol/lunarrock_n.jpg?dl=1",
        "ColliderURL": "https://www.dropbox.com/s/00da28vixf1n9pv/mod_city_ruin2.obj?dl=1",
        "Convex": false,
        "MaterialIndex": 1,
        "TypeIndex": 0,
        "CastShadows": true
      },
      "XmlUI": "",
      "LuaScript": "",
      "LuaScriptState": "",
      "GUID": "078860"
    },
    {
      "Name": "Custom_Assetbundle",
      "Transform": {
        "posX": -25.1542282,
        "posY": -1.881576,
        "posZ": -0.2422342,
        "rotX": 0.0797955,
        "rotY": 90.0142441,
        "rotZ": 359.9831,
        "scaleX": 0.355882764,
        "scaleY": 0.355882764,
        "scaleZ": 0.355882764
      },
      "Nickname": "",
      "Description": "",
      "GMNotes": "",
      "ColorDiffuse": {
        "r": 0.8,
        "g": 0.8,
        "b": 0.8
      },
      "Locked": true,
      "Grid": true,
      "Snap": true,
      "IgnoreFoW": false,
      "Autoraise": true,
      "Sticky": true,
      "Tooltip": true,
      "GridProjection": false,
      "HideWhenFaceDown": false,
      "Hands": false,
      "CustomAssetbundle": {
        "AssetbundleURL": "http://cloud-3.steamusercontent.com/ugc/929311994734187155/689E01620DDAF76135C88B44C5491D9E5530BF28/",
        "AssetbundleSecondaryURL": "",
        "MaterialIndex": 0,
        "TypeIndex": 0,
        "LoopingEffectIndex": 0
      },
      "XmlUI": "",
      "LuaScript": "",
      "LuaScriptState": "",
      "GUID": "b14ac0"
    },
    {
      "Name": "Custom_Model",
      "Transform": {
        "posX": -35.1525536,
        "posY": 0.8143158,
        "posZ": -22.8893814,
        "rotX": 359.983154,
        "rotY": 0.0225444064,
        "rotZ": 359.919983,
        "scaleX": 1.19999909,
        "scaleY": 1.19999909,
        "scaleZ": 1.19999909
      },
      "Nickname": "",
      "Description": "",
      "GMNotes": "",
      "ColorDiffuse": {
        "r": 0.9999998,
        "g": 0.992160261,
        "b": 0.9999998
      },
      "Locked": true,
      "Grid": true,
      "Snap": true,
      "IgnoreFoW": false,
      "Autoraise": true,
      "Sticky": true,
      "Tooltip": true,
      "GridProjection": false,
      "HideWhenFaceDown": false,
      "Hands": false,
      "CustomMesh": {
        "MeshURL": "http://cloud-3.steamusercontent.com/ugc/502526366064221973/9DC045BE3D583F346902562A6FC35681E9C33E00/",
        "DiffuseURL": "http://cloud-3.steamusercontent.com/ugc/1018319087584943020/CACADDED6431C9012619ABD4D214CE14FB589357/",
        "NormalURL": "http://cloud-3.steamusercontent.com/ugc/502526366064222739/530291864CBBDDFFFF00E376748B7FBF91F27FC6/",
        "ColliderURL": "",
        "Convex": true,
        "MaterialIndex": 3,
        "TypeIndex": 0,
        "CustomShader": {
          "SpecularColor": {
            "r": 1.0,
            "g": 1.0,
            "b": 1.0
          },
          "SpecularIntensity": 0.1,
          "SpecularSharpness": 3.7,
          "FresnelStrength": 0.07222222
        },
        "CastShadows": true
      },
      "XmlUI": "",
      "LuaScript": "",
      "LuaScriptState": "",
      "GUID": "d83d4c"
    },
    {
      "Name": "Custom_Model",
      "Transform": {
        "posX": -22.6576729,
        "posY": 1.01274967,
        "posZ": -18.47659,
        "rotX": 359.919952,
        "rotY": 269.98114,
        "rotZ": 0.0168947782,
        "scaleX": 3.80515051,
        "scaleY": 0.558088839,
        "scaleZ": 3.59375238
      },
      "Nickname": "",
      "Description": "",
      "GMNotes": "",
      "ColorDiffuse": {
        "r": 0.9999998,
        "g": 0.992160261,
        "b": 0.9999998
      },
      "Locked": true,
      "Grid": true,
      "Snap": true,
      "IgnoreFoW": false,
      "Autoraise": true,
      "Sticky": true,
      "Tooltip": true,
      "GridProjection": false,
      "HideWhenFaceDown": false,
      "Hands": false,
      "CustomMesh": {
        "MeshURL": "http://cloud-3.steamusercontent.com/ugc/929311994734219444/000D9CC436EF9A02C55A3975F7FDE50163108ACA/",
        "DiffuseURL": "http://cloud-3.steamusercontent.com/ugc/1018319087584944603/730DF702511425C5E7D6333FE2B47648973735B5/",
        "NormalURL": "",
        "ColliderURL": "",
        "Convex": true,
        "MaterialIndex": 3,
        "TypeIndex": 0,
        "CustomShader": {
          "SpecularColor": {
            "r": 1.0,
            "g": 1.0,
            "b": 1.0
          },
          "SpecularIntensity": 0.05,
          "SpecularSharpness": 2.0,
          "FresnelStrength": 0.0
        },
        "CastShadows": true
      },
      "XmlUI": "",
      "LuaScript": "",
      "LuaScriptState": "",
      "GUID": "b17838"
    },
    {
      "Name": "Custom_Model",
      "Transform": {
        "posX": -22.9357567,
        "posY": 1.02394474,
        "posZ": -14.5007582,
        "rotX": 0.07987956,
        "rotY": 89.9786,
        "rotZ": 179.9831,
        "scaleX": 1.4294337,
        "scaleY": 0.128696859,
        "scaleZ": 3.09284616
      },
      "Nickname": "",
      "Description": "",
      "GMNotes": "",
      "ColorDiffuse": {
        "r": 0.9999998,
        "g": 0.9921673,
        "b": 0.9999998
      },
      "Locked": true,
      "Grid": true,
      "Snap": true,
      "IgnoreFoW": false,
      "Autoraise": true,
      "Sticky": true,
      "Tooltip": true,
      "GridProjection": false,
      "HideWhenFaceDown": false,
      "Hands": false,
      "CustomMesh": {
        "MeshURL": "http://cloud-3.steamusercontent.com/ugc/888763074300005242/CD0B35539693F1F8397DD4BA19C197D4CA487B56/",
        "DiffuseURL": "http://cloud-3.steamusercontent.com/ugc/266100825039145960/B5E228074F29CDB7D229FCEB49CF05CF20A0848F/",
        "NormalURL": "",
        "ColliderURL": "",
        "Convex": true,
        "MaterialIndex": 1,
        "TypeIndex": 0,
        "CastShadows": true
      },
      "XmlUI": "",
      "LuaScript": "",
      "LuaScriptState": "",
      "GUID": "41b9bf"
    },
    {
      "Name": "Custom_Model",
      "Transform": {
        "posX": -31.4765511,
        "posY": 1.02367854,
        "posZ": -23.1149158,
        "rotX": 359.983154,
        "rotY": -0.00121776038,
        "rotZ": 359.920074,
        "scaleX": 0.400000334,
        "scaleY": 0.400000334,
        "scaleZ": 0.400000334
      },
      "Nickname": "",
      "Description": "",
      "GMNotes": "",
      "ColorDiffuse": {
        "r": 0.9098039,
        "g": 0.9098039,
        "b": 0.9098039
      },
      "Locked": true,
      "Grid": true,
      "Snap": true,
      "IgnoreFoW": false,
      "Autoraise": true,
      "Sticky": true,
      "Tooltip": true,
      "GridProjection": false,
      "HideWhenFaceDown": false,
      "Hands": false,
      "CustomMesh": {
        "MeshURL": "http://cloud-3.steamusercontent.com/ugc/929311994734220899/D95CB1989330A09DA9E760F8AF8EEBC6E673C304/",
        "DiffuseURL": "http://cloud-3.steamusercontent.com/ugc/929311994734220973/D9F5886D37A0CC78DF682E88B6572D8E4DD249AA/",
        "NormalURL": "",
        "ColliderURL": "http://cloud-3.steamusercontent.com/ugc/929311994734221049/2FF091DA6E13F0FF8160BEDECEDA0EEF68CFE881/",
        "Convex": true,
        "MaterialIndex": 2,
        "TypeIndex": 1,
        "CustomShader": {
          "SpecularColor": {
            "r": 0.7372549,
            "g": 0.7372549,
            "b": 0.7372549
          },
          "SpecularIntensity": 0.0,
          "SpecularSharpness": 2.0,
          "FresnelStrength": 0.0
        },
        "CastShadows": true
      },
      "XmlUI": "",
      "LuaScript": "",
      "LuaScriptState": "",
      "GUID": "5f6d75"
    },
    {
      "Name": "Custom_Model",
      "Transform": {
        "posX": 15.7425327,
        "posY": 0.501892567,
        "posZ": -19.03421,
        "rotX": 355.0603,
        "rotY": 158.97554,
        "rotZ": 9.438218,
        "scaleX": 0.375000328,
        "scaleY": 0.375000328,
        "scaleZ": 0.375000328
      },
      "Nickname": "",
      "Description": "",
      "GMNotes": "",
      "ColorDiffuse": {
        "r": 1.0,
        "g": 1.0,
        "b": 1.0
      },
      "Locked": true,
      "Grid": true,
      "Snap": true,
      "IgnoreFoW": false,
      "Autoraise": true,
      "Sticky": true,
      "Tooltip": true,
      "GridProjection": false,
      "HideWhenFaceDown": false,
      "Hands": false,
      "CustomMesh": {
        "MeshURL": "http://cloud-3.steamusercontent.com/ugc/929311994734190398/C03DD9E4F3C419FCD9C34EDFE457C6A4BDBF26BD/",
        "DiffuseURL": "http://cloud-3.steamusercontent.com/ugc/929311994734190485/4D2CB7FC914F054FDED035BB3F88962C63EDDA15/",
        "NormalURL": "",
        "ColliderURL": "http://cloud-3.steamusercontent.com/ugc/929311994734190681/BBC549EAD18E67B008822B0B240565FBFAB1E026/",
        "Convex": true,
        "MaterialIndex": 2,
        "TypeIndex": 1,
        "CustomShader": {
          "SpecularColor": {
            "r": 0.7372549,
            "g": 0.7372549,
            "b": 0.7372549
          },
          "SpecularIntensity": 0.0,
          "SpecularSharpness": 2.0,
          "FresnelStrength": 0.0
        },
        "CastShadows": true
      },
      "XmlUI": "",
      "LuaScript": "",
      "LuaScriptState": "",
      "GUID": "40334f"
    },
    {
      "Name": "Custom_Assetbundle",
      "Transform": {
        "posX": -33.48934,
        "posY": 1.0296768,
        "posZ": -12.2715216,
        "rotX": 359.982971,
        "rotY": 0.009066714,
        "rotZ": 359.9201,
        "scaleX": 0.5212311,
        "scaleY": 1.02126908,
        "scaleZ": 1.02126575
      },
      "Nickname": "",
      "Description": "",
      "GMNotes": "",
      "ColorDiffuse": {
        "r": 1.0,
        "g": 1.0,
        "b": 1.0
      },
      "Locked": true,
      "Grid": true,
      "Snap": true,
      "IgnoreFoW": false,
      "Autoraise": true,
      "Sticky": true,
      "Tooltip": true,
      "GridProjection": false,
      "HideWhenFaceDown": false,
      "Hands": false,
      "CustomAssetbundle": {
        "AssetbundleURL": "http://cloud-3.steamusercontent.com/ugc/870741796651466577/045D5EF80A99692F310A3F2C8D50D4621053E5FD/",
        "AssetbundleSecondaryURL": "http://cloud-3.steamusercontent.com/ugc/870741796650589473/A8DA3B729BC384EAC147D86E0D38FD926BD99BC9/",
        "MaterialIndex": 0,
        "TypeIndex": 0,
        "LoopingEffectIndex": 0
      },
      "XmlUI": "",
      "LuaScript": "",
      "LuaScriptState": "",
      "GUID": "54d88c"
    },
    {
      "Name": "Custom_Assetbundle",
      "Transform": {
        "posX": -25.0520782,
        "posY": 1.01789916,
        "posZ": -12.3238773,
        "rotX": 359.982971,
        "rotY": 0.00875578448,
        "rotZ": 359.920074,
        "scaleX": 0.5212311,
        "scaleY": 1.02126908,
        "scaleZ": 1.02126575
      },
      "Nickname": "",
      "Description": "",
      "GMNotes": "",
      "ColorDiffuse": {
        "r": 1.0,
        "g": 1.0,
        "b": 1.0
      },
      "Locked": true,
      "Grid": true,
      "Snap": true,
      "IgnoreFoW": false,
      "Autoraise": true,
      "Sticky": true,
      "Tooltip": true,
      "GridProjection": false,
      "HideWhenFaceDown": false,
      "Hands": false,
      "CustomAssetbundle": {
        "AssetbundleURL": "http://cloud-3.steamusercontent.com/ugc/870741796651466577/045D5EF80A99692F310A3F2C8D50D4621053E5FD/",
        "AssetbundleSecondaryURL": "http://cloud-3.steamusercontent.com/ugc/870741796650589473/A8DA3B729BC384EAC147D86E0D38FD926BD99BC9/",
        "MaterialIndex": 0,
        "TypeIndex": 0,
        "LoopingEffectIndex": 0
      },
      "XmlUI": "",
      "LuaScript": "",
      "LuaScriptState": "",
      "GUID": "d2f327"
    },
    {
      "Name": "Custom_Assetbundle",
      "Transform": {
        "posX": 34.957962,
        "posY": 3.03066182,
        "posZ": -21.5949974,
        "rotX": 0.0168783013,
        "rotY": 179.998779,
        "rotZ": 180.079987,
        "scaleX": 0.6500003,
        "scaleY": 0.6500003,
        "scaleZ": 0.6500003
      },
      "Nickname": "",
      "Description": "",
      "GMNotes": "",
      "ColorDiffuse": {
        "r": 0.8,
        "g": 0.8,
        "b": 0.8
      },
      "Locked": true,
      "Grid": true,
      "Snap": true,
      "IgnoreFoW": false,
      "Autoraise": true,
      "Sticky": true,
      "Tooltip": true,
      "GridProjection": false,
      "HideWhenFaceDown": false,
      "Hands": false,
      "CustomAssetbundle": {
        "AssetbundleURL": "https://drive.google.com/uc?export=download&id=0BwpXdiEgZ5GzNl9aSkJ1ejhTZTQ",
        "AssetbundleSecondaryURL": "",
        "MaterialIndex": 0,
        "TypeIndex": 0,
        "LoopingEffectIndex": 0
      },
      "XmlUI": "",
      "LuaScript": "",
      "LuaScriptState": "",
      "GUID": "743492"
    },
    {
      "Name": "Custom_Model",
      "Transform": {
        "posX": 19.31759,
        "posY": 0.6025506,
        "posZ": -13.5549536,
        "rotX": 28.54482,
        "rotY": 299.100342,
        "rotZ": 354.22757,
        "scaleX": 0.625000358,
        "scaleY": 0.625000358,
        "scaleZ": 0.625000358
      },
      "Nickname": "",
      "Description": "",
      "GMNotes": "",
      "ColorDiffuse": {
        "r": 1.0,
        "g": 1.0,
        "b": 1.0
      },
      "Locked": true,
      "Grid": true,
      "Snap": true,
      "IgnoreFoW": false,
      "Autoraise": true,
      "Sticky": true,
      "Tooltip": true,
      "GridProjection": false,
      "HideWhenFaceDown": false,
      "Hands": false,
      "CustomMesh": {
        "MeshURL": "http://cloud-3.steamusercontent.com/ugc/84845043863414920/9EED599658C77372CC6C10C0B4603AA69634DD99/",
        "DiffuseURL": "http://cloud-3.steamusercontent.com/ugc/84845043863413633/A06C0CB118961517025223D49C8F00401D4A9E54/",
        "NormalURL": "",
        "ColliderURL": "http://cloud-3.steamusercontent.com/ugc/84845043863414920/9EED599658C77372CC6C10C0B4603AA69634DD99/",
        "Convex": true,
        "MaterialIndex": 1,
        "TypeIndex": 1,
        "CastShadows": true
      },
      "XmlUI": "",
      "LuaScript": "",
      "LuaScriptState": "",
      "GUID": "a98188"
    },
    {
      "Name": "Custom_Model",
      "Transform": {
        "posX": 24.1519623,
        "posY": 0.22886692,
        "posZ": -14.1027222,
        "rotX": 355.782227,
        "rotY": 316.332764,
        "rotZ": 14.4168768,
        "scaleX": 0.625000358,
        "scaleY": 0.625000358,
        "scaleZ": 0.625000358
      },
      "Nickname": "",
      "Description": "",
      "GMNotes": "",
      "ColorDiffuse": {
        "r": 1.0,
        "g": 1.0,
        "b": 1.0
      },
      "Locked": true,
      "Grid": true,
      "Snap": true,
      "IgnoreFoW": false,
      "Autoraise": true,
      "Sticky": true,
      "Tooltip": true,
      "GridProjection": false,
      "HideWhenFaceDown": false,
      "Hands": false,
      "CustomMesh": {
        "MeshURL": "http://cloud-3.steamusercontent.com/ugc/84845043863413451/F5BB53D764C7730489BE0D3D14D6AA82A4DE1FE0/",
        "DiffuseURL": "http://cloud-3.steamusercontent.com/ugc/84845043863413633/A06C0CB118961517025223D49C8F00401D4A9E54/",
        "NormalURL": "",
        "ColliderURL": "http://cloud-3.steamusercontent.com/ugc/84845043863413451/F5BB53D764C7730489BE0D3D14D6AA82A4DE1FE0/",
        "Convex": true,
        "MaterialIndex": 1,
        "TypeIndex": 1,
        "CastShadows": true
      },
      "XmlUI": "",
      "LuaScript": "",
      "LuaScriptState": "",
      "GUID": "32dab5"
    },
    {
      "Name": "Custom_Model",
      "Transform": {
        "posX": -4.38672256,
        "posY": 0.9514967,
        "posZ": -21.9738064,
        "rotX": 0.01685945,
        "rotY": 180.000092,
        "rotZ": 0.07996222,
        "scaleX": 1.0,
        "scaleY": 1.0,
        "scaleZ": 1.0
      },
      "Nickname": "",
      "Description": "",
      "GMNotes": "",
      "ColorDiffuse": {
        "r": 0.9999998,
        "g": 0.992160261,
        "b": 0.9999998
      },
      "Locked": true,
      "Grid": true,
      "Snap": true,
      "IgnoreFoW": false,
      "Autoraise": true,
      "Sticky": true,
      "Tooltip": true,
      "GridProjection": false,
      "HideWhenFaceDown": false,
      "Hands": false,
      "CustomMesh": {
        "MeshURL": "https://www.dropbox.com/s/htrqa39b4b8i0he/destroy_wall6.obj?dl=1",
        "DiffuseURL": "https://www.dropbox.com/s/angz0qxl0bu75l2/wall.jpg?dl=1",
        "NormalURL": "",
        "ColliderURL": "https://www.dropbox.com/s/htrqa39b4b8i0he/destroy_wall6.obj?dl=1",
        "Convex": false,
        "MaterialIndex": 3,
        "TypeIndex": 1,
        "CastShadows": true
      },
      "XmlUI": "",
      "LuaScript": "",
      "LuaScriptState": "",
      "GUID": "77b965"
    },
    {
      "Name": "Custom_Model",
      "Transform": {
        "posX": 4.8599453,
        "posY": 0.974730253,
        "posZ": -17.3159218,
        "rotX": 0.0157148037,
        "rotY": 180.822861,
        "rotZ": 0.08011452,
        "scaleX": 0.875,
        "scaleY": 0.828338,
        "scaleZ": 0.875
      },
      "Nickname": "",
      "Description": "",
      "GMNotes": "",
      "ColorDiffuse": {
        "r": 0.9999998,
        "g": 0.992160261,
        "b": 0.9999998
      },
      "Locked": true,
      "Grid": true,
      "Snap": true,
      "IgnoreFoW": false,
      "Autoraise": true,
      "Sticky": true,
      "Tooltip": true,
      "GridProjection": false,
      "HideWhenFaceDown": false,
      "Hands": false,
      "CustomMesh": {
        "MeshURL": "https://www.dropbox.com/s/a0gfollij2cy83w/destroy_wall12.obj?dl=1",
        "DiffuseURL": "https://www.dropbox.com/s/angz0qxl0bu75l2/wall.jpg?dl=1",
        "NormalURL": "",
        "ColliderURL": "https://www.dropbox.com/s/a0gfollij2cy83w/destroy_wall12.obj?dl=1",
        "Convex": false,
        "MaterialIndex": 3,
        "TypeIndex": 1,
        "CastShadows": true
      },
      "XmlUI": "",
      "LuaScript": "",
      "LuaScriptState": "",
      "GUID": "7eba0f"
    },
    {
      "Name": "Custom_Assetbundle",
      "Transform": {
        "posX": 32.8507462,
        "posY": 3.03357983,
        "posZ": -21.6610775,
        "rotX": 0.01687858,
        "rotY": 179.998672,
        "rotZ": 180.079971,
        "scaleX": 0.6500003,
        "scaleY": 0.6500003,
        "scaleZ": 0.6500003
      },
      "Nickname": "",
      "Description": "",
      "GMNotes": "",
      "ColorDiffuse": {
        "r": 0.8,
        "g": 0.8,
        "b": 0.8
      },
      "Locked": true,
      "Grid": true,
      "Snap": true,
      "IgnoreFoW": false,
      "Autoraise": true,
      "Sticky": true,
      "Tooltip": true,
      "GridProjection": false,
      "HideWhenFaceDown": false,
      "Hands": false,
      "CustomAssetbundle": {
        "AssetbundleURL": "https://drive.google.com/uc?export=download&id=0BwpXdiEgZ5GzNl9aSkJ1ejhTZTQ",
        "AssetbundleSecondaryURL": "",
        "MaterialIndex": 0,
        "TypeIndex": 0,
        "LoopingEffectIndex": 0
      },
      "XmlUI": "",
      "LuaScript": "",
      "LuaScriptState": "",
      "GUID": "e90177"
    },
    {
      "Name": "Custom_Assetbundle",
      "Transform": {
        "posX": 33.45406,
        "posY": 4.68951845,
        "posZ": 0.2874947,
        "rotX": 0.07991795,
        "rotY": 89.97189,
        "rotZ": 179.983078,
        "scaleX": 0.6500003,
        "scaleY": 0.6500003,
        "scaleZ": 0.6500003
      },
      "Nickname": "",
      "Description": "",
      "GMNotes": "",
      "ColorDiffuse": {
        "r": 0.8,
        "g": 0.8,
        "b": 0.8
      },
      "Locked": true,
      "Grid": true,
      "Snap": true,
      "IgnoreFoW": false,
      "Autoraise": true,
      "Sticky": true,
      "Tooltip": true,
      "GridProjection": false,
      "HideWhenFaceDown": false,
      "Hands": false,
      "CustomAssetbundle": {
        "AssetbundleURL": "https://drive.google.com/uc?export=download&id=0BwpXdiEgZ5GzNl9aSkJ1ejhTZTQ",
        "AssetbundleSecondaryURL": "",
        "MaterialIndex": 0,
        "TypeIndex": 0,
        "LoopingEffectIndex": 0
      },
      "XmlUI": "",
      "LuaScript": "",
      "LuaScriptState": "",
      "GUID": "708722"
    },
    {
      "Name": "Custom_Assetbundle",
      "Transform": {
        "posX": 33.4130859,
        "posY": 0.660022736,
        "posZ": 0.306611151,
        "rotX": 0.0798890144,
        "rotY": 89.9722748,
        "rotZ": 359.9831,
        "scaleX": 0.6500003,
        "scaleY": 0.6500003,
        "scaleZ": 0.6500003
      },
      "Nickname": "",
      "Description": "",
      "GMNotes": "",
      "ColorDiffuse": {
        "r": 0.8,
        "g": 0.8,
        "b": 0.8
      },
      "Locked": true,
      "Grid": true,
      "Snap": true,
      "IgnoreFoW": false,
      "Autoraise": true,
      "Sticky": true,
      "Tooltip": true,
      "GridProjection": false,
      "HideWhenFaceDown": false,
      "Hands": false,
      "CustomAssetbundle": {
        "AssetbundleURL": "https://drive.google.com/uc?export=download&id=0BwpXdiEgZ5GzNl9aSkJ1ejhTZTQ",
        "AssetbundleSecondaryURL": "",
        "MaterialIndex": 0,
        "TypeIndex": 0,
        "LoopingEffectIndex": 0
      },
      "XmlUI": "",
      "LuaScript": "",
      "LuaScriptState": "",
      "GUID": "232b7c"
    },
    {
      "Name": "Custom_Assetbundle",
      "Transform": {
        "posX": 33.5974655,
        "posY": 3.03195834,
        "posZ": -22.8231869,
        "rotX": 0.0799449757,
        "rotY": 90.02908,
        "rotZ": 359.983154,
        "scaleX": 0.6500003,
        "scaleY": 0.6500003,
        "scaleZ": 0.6500003
      },
      "Nickname": "",
      "Description": "",
      "GMNotes": "",
      "ColorDiffuse": {
        "r": 0.8,
        "g": 0.8,
        "b": 0.8
      },
      "Locked": true,
      "Grid": true,
      "Snap": true,
      "IgnoreFoW": false,
      "Autoraise": true,
      "Sticky": true,
      "Tooltip": true,
      "GridProjection": false,
      "HideWhenFaceDown": false,
      "Hands": false,
      "CustomAssetbundle": {
        "AssetbundleURL": "https://drive.google.com/uc?export=download&id=0BwpXdiEgZ5GzNl9aSkJ1ejhTZTQ",
        "AssetbundleSecondaryURL": "",
        "MaterialIndex": 0,
        "TypeIndex": 0,
        "LoopingEffectIndex": 0
      },
      "XmlUI": "",
      "LuaScript": "",
      "LuaScriptState": "",
      "GUID": "97b6ec"
    },
    {
      "Name": "Custom_Assetbundle",
      "Transform": {
        "posX": -34.8766251,
        "posY": 3.13346028,
        "posZ": -3.11694241,
        "rotX": 359.983124,
        "rotY": 0.006825745,
        "rotZ": 179.92,
        "scaleX": 0.6500003,
        "scaleY": 0.6500003,
        "scaleZ": 0.6500003
      },
      "Nickname": "",
      "Description": "",
      "GMNotes": "",
      "ColorDiffuse": {
        "r": 0.8,
        "g": 0.8,
        "b": 0.8
      },
      "Locked": true,
      "Grid": true,
      "Snap": true,
      "IgnoreFoW": false,
      "Autoraise": true,
      "Sticky": true,
      "Tooltip": true,
      "GridProjection": false,
      "HideWhenFaceDown": false,
      "Hands": false,
      "CustomAssetbundle": {
        "AssetbundleURL": "https://drive.google.com/uc?export=download&id=0BwpXdiEgZ5GzNl9aSkJ1ejhTZTQ",
        "AssetbundleSecondaryURL": "",
        "MaterialIndex": 0,
        "TypeIndex": 0,
        "LoopingEffectIndex": 0
      },
      "XmlUI": "",
      "LuaScript": "",
      "LuaScriptState": "",
      "GUID": "7c03a0"
    },
    {
      "Name": "Custom_Assetbundle",
      "Transform": {
        "posX": -34.9369659,
        "posY": 1.03572977,
        "posZ": 1.83698285,
        "rotX": 0.0170388259,
        "rotY": 179.874832,
        "rotZ": 0.07994538,
        "scaleX": 0.6500003,
        "scaleY": 0.6500003,
        "scaleZ": 0.6500003
      },
      "Nickname": "",
      "Description": "",
      "GMNotes": "",
      "ColorDiffuse": {
        "r": 0.8,
        "g": 0.8,
        "b": 0.8
      },
      "Locked": true,
      "Grid": true,
      "Snap": true,
      "IgnoreFoW": false,
      "Autoraise": true,
      "Sticky": true,
      "Tooltip": true,
      "GridProjection": false,
      "HideWhenFaceDown": false,
      "Hands": false,
      "CustomAssetbundle": {
        "AssetbundleURL": "https://drive.google.com/uc?export=download&id=0BwpXdiEgZ5GzNl9aSkJ1ejhTZTQ",
        "AssetbundleSecondaryURL": "",
        "MaterialIndex": 0,
        "TypeIndex": 0,
        "LoopingEffectIndex": 0
      },
      "XmlUI": "",
      "LuaScript": "",
      "LuaScriptState": "",
      "GUID": "016212"
    },
    {
      "Name": "Custom_Assetbundle",
      "Transform": {
        "posX": -21.69566,
        "posY": 1.0171119,
        "posZ": 3.604419,
        "rotX": 359.929352,
        "rotY": 315.0753,
        "rotZ": 359.989563,
        "scaleX": 0.6500003,
        "scaleY": 0.6500003,
        "scaleZ": 0.6500003
      },
      "Nickname": "",
      "Description": "",
      "GMNotes": "",
      "ColorDiffuse": {
        "r": 0.8,
        "g": 0.8,
        "b": 0.8
      },
      "Locked": true,
      "Grid": true,
      "Snap": true,
      "IgnoreFoW": false,
      "Autoraise": true,
      "Sticky": true,
      "Tooltip": true,
      "GridProjection": false,
      "HideWhenFaceDown": false,
      "Hands": false,
      "CustomAssetbundle": {
        "AssetbundleURL": "https://drive.google.com/uc?export=download&id=0BwpXdiEgZ5GzNl9aSkJ1ejhTZTQ",
        "AssetbundleSecondaryURL": "",
        "MaterialIndex": 0,
        "TypeIndex": 0,
        "LoopingEffectIndex": 0
      },
      "XmlUI": "",
      "LuaScript": "",
      "LuaScriptState": "",
      "GUID": "07b98a"
    },
    {
      "Name": "Custom_Assetbundle",
      "Transform": {
        "posX": -21.9114342,
        "posY": 1.01576161,
        "posZ": -4.308992,
        "rotX": 359.95578,
        "rotY": 224.7067,
        "rotZ": 0.06870861,
        "scaleX": 0.6500003,
        "scaleY": 0.6500003,
        "scaleZ": 0.6500003
      },
      "Nickname": "",
      "Description": "",
      "GMNotes": "",
      "ColorDiffuse": {
        "r": 0.8,
        "g": 0.8,
        "b": 0.8
      },
      "Locked": true,
      "Grid": true,
      "Snap": true,
      "IgnoreFoW": false,
      "Autoraise": true,
      "Sticky": true,
      "Tooltip": true,
      "GridProjection": false,
      "HideWhenFaceDown": false,
      "Hands": false,
      "CustomAssetbundle": {
        "AssetbundleURL": "https://drive.google.com/uc?export=download&id=0BwpXdiEgZ5GzNl9aSkJ1ejhTZTQ",
        "AssetbundleSecondaryURL": "",
        "MaterialIndex": 0,
        "TypeIndex": 0,
        "LoopingEffectIndex": 0
      },
      "XmlUI": "",
      "LuaScript": "",
      "LuaScriptState": "",
      "GUID": "b9131d"
    },
    {
      "Name": "Custom_Model",
      "Transform": {
        "posX": 20.42072,
        "posY": 0.9525244,
        "posZ": -17.06411,
        "rotX": 359.9457,
        "rotY": 330.250977,
        "rotZ": 359.939026,
        "scaleX": 1.99169564,
        "scaleY": 1.433027,
        "scaleZ": 1.552529
      },
      "Nickname": "",
      "Description": "",
      "GMNotes": "",
      "ColorDiffuse": {
        "r": 1.0,
        "g": 1.0,
        "b": 1.0
      },
      "Locked": true,
      "Grid": true,
      "Snap": true,
      "IgnoreFoW": false,
      "Autoraise": true,
      "Sticky": true,
      "Tooltip": true,
      "GridProjection": false,
      "HideWhenFaceDown": false,
      "Hands": false,
      "CustomMesh": {
        "MeshURL": "https://www.dropbox.com/s/obwhunjenlmjdvz/Hill_Rounded3.obj?dl=1",
        "DiffuseURL": "https://cusicusi.files.wordpress.com/2011/12/rubble_tile.jpg",
        "NormalURL": "",
        "ColliderURL": "https://www.dropbox.com/s/obwhunjenlmjdvz/Hill_Rounded3.obj?dl=1",
        "Convex": true,
        "MaterialIndex": 3,
        "TypeIndex": 0,
        "CastShadows": true
      },
      "XmlUI": "",
      "LuaScript": "",
      "LuaScriptState": "",
      "GUID": "a6c7e1"
    },
    {
      "Name": "Custom_Model",
      "Transform": {
        "posX": 23.9173241,
        "posY": 0.728859067,
        "posZ": -19.0475616,
        "rotX": 333.7597,
        "rotY": 295.522583,
        "rotZ": 1.79218376,
        "scaleX": 0.625000358,
        "scaleY": 0.625000358,
        "scaleZ": 0.625000358
      },
      "Nickname": "",
      "Description": "",
      "GMNotes": "",
      "ColorDiffuse": {
        "r": 1.0,
        "g": 1.0,
        "b": 1.0
      },
      "Locked": true,
      "Grid": true,
      "Snap": true,
      "IgnoreFoW": false,
      "Autoraise": true,
      "Sticky": true,
      "Tooltip": true,
      "GridProjection": false,
      "HideWhenFaceDown": false,
      "Hands": false,
      "CustomMesh": {
        "MeshURL": "http://cloud-3.steamusercontent.com/ugc/84845043863414920/9EED599658C77372CC6C10C0B4603AA69634DD99/",
        "DiffuseURL": "http://cloud-3.steamusercontent.com/ugc/84845043863413633/A06C0CB118961517025223D49C8F00401D4A9E54/",
        "NormalURL": "",
        "ColliderURL": "http://cloud-3.steamusercontent.com/ugc/84845043863414920/9EED599658C77372CC6C10C0B4603AA69634DD99/",
        "Convex": true,
        "MaterialIndex": 1,
        "TypeIndex": 1,
        "CastShadows": true
      },
      "XmlUI": "",
      "LuaScript": "",
      "LuaScriptState": "",
      "GUID": "6bd539"
    },
    {
      "Name": "Custom_Model",
      "Transform": {
        "posX": 17.0683117,
        "posY": 0.7215947,
        "posZ": -14.4068766,
        "rotX": 333.4108,
        "rotY": 300.045166,
        "rotZ": 359.899231,
        "scaleX": 0.625000358,
        "scaleY": 0.625000358,
        "scaleZ": 0.625000358
      },
      "Nickname": "",
      "Description": "",
      "GMNotes": "",
      "ColorDiffuse": {
        "r": 1.0,
        "g": 1.0,
        "b": 1.0
      },
      "Locked": true,
      "Grid": true,
      "Snap": true,
      "IgnoreFoW": false,
      "Autoraise": true,
      "Sticky": true,
      "Tooltip": true,
      "GridProjection": false,
      "HideWhenFaceDown": false,
      "Hands": false,
      "CustomMesh": {
        "MeshURL": "http://cloud-3.steamusercontent.com/ugc/84845043863414920/9EED599658C77372CC6C10C0B4603AA69634DD99/",
        "DiffuseURL": "http://cloud-3.steamusercontent.com/ugc/84845043863413633/A06C0CB118961517025223D49C8F00401D4A9E54/",
        "NormalURL": "",
        "ColliderURL": "http://cloud-3.steamusercontent.com/ugc/84845043863414920/9EED599658C77372CC6C10C0B4603AA69634DD99/",
        "Convex": true,
        "MaterialIndex": 1,
        "TypeIndex": 1,
        "CastShadows": true
      },
      "XmlUI": "",
      "LuaScript": "",
      "LuaScriptState": "",
      "GUID": "c61027"
    },
    {
      "Name": "Custom_Model",
      "Transform": {
        "posX": 20.16052,
        "posY": 0.480221719,
        "posZ": -21.322485,
        "rotX": 10.508729,
        "rotY": 281.949982,
        "rotZ": 31.8481369,
        "scaleX": 0.625000358,
        "scaleY": 0.625000358,
        "scaleZ": 0.625000358
      },
      "Nickname": "",
      "Description": "",
      "GMNotes": "",
      "ColorDiffuse": {
        "r": 1.0,
        "g": 1.0,
        "b": 1.0
      },
      "Locked": true,
      "Grid": true,
      "Snap": true,
      "IgnoreFoW": false,
      "Autoraise": true,
      "Sticky": true,
      "Tooltip": true,
      "GridProjection": false,
      "HideWhenFaceDown": false,
      "Hands": false,
      "CustomMesh": {
        "MeshURL": "http://cloud-3.steamusercontent.com/ugc/84845043863414920/9EED599658C77372CC6C10C0B4603AA69634DD99/",
        "DiffuseURL": "http://cloud-3.steamusercontent.com/ugc/84845043863413633/A06C0CB118961517025223D49C8F00401D4A9E54/",
        "NormalURL": "",
        "ColliderURL": "http://cloud-3.steamusercontent.com/ugc/84845043863414920/9EED599658C77372CC6C10C0B4603AA69634DD99/",
        "Convex": true,
        "MaterialIndex": 1,
        "TypeIndex": 1,
        "CastShadows": true
      },
      "XmlUI": "",
      "LuaScript": "",
      "LuaScriptState": "",
      "GUID": "5ec54e"
    },
    {
      "Name": "Custom_Model",
      "Transform": {
        "posX": 22.304369,
        "posY": 1.33264339,
        "posZ": -18.0431023,
        "rotX": 341.988983,
        "rotY": 346.8937,
        "rotZ": 269.849548,
        "scaleX": 0.625000358,
        "scaleY": 0.625000358,
        "scaleZ": 0.625000358
      },
      "Nickname": "",
      "Description": "",
      "GMNotes": "",
      "ColorDiffuse": {
        "r": 1.0,
        "g": 1.0,
        "b": 1.0
      },
      "Locked": true,
      "Grid": true,
      "Snap": true,
      "IgnoreFoW": false,
      "Autoraise": true,
      "Sticky": true,
      "Tooltip": true,
      "GridProjection": false,
      "HideWhenFaceDown": false,
      "Hands": false,
      "CustomMesh": {
        "MeshURL": "http://cloud-3.steamusercontent.com/ugc/84845043863414920/9EED599658C77372CC6C10C0B4603AA69634DD99/",
        "DiffuseURL": "http://cloud-3.steamusercontent.com/ugc/84845043863413633/A06C0CB118961517025223D49C8F00401D4A9E54/",
        "NormalURL": "",
        "ColliderURL": "http://cloud-3.steamusercontent.com/ugc/84845043863414920/9EED599658C77372CC6C10C0B4603AA69634DD99/",
        "Convex": true,
        "MaterialIndex": 1,
        "TypeIndex": 1,
        "CastShadows": true
      },
      "XmlUI": "",
      "LuaScript": "",
      "LuaScriptState": "",
      "GUID": "7203e9"
    },
    {
      "Name": "Custom_Model",
      "Transform": {
        "posX": 24.5951633,
        "posY": 1.05377924,
        "posZ": -18.0163727,
        "rotX": 286.184052,
        "rotY": 117.791229,
        "rotZ": 167.066315,
        "scaleX": 0.625000358,
        "scaleY": 0.625000358,
        "scaleZ": 0.625000358
      },
      "Nickname": "",
      "Description": "",
      "GMNotes": "",
      "ColorDiffuse": {
        "r": 1.0,
        "g": 1.0,
        "b": 1.0
      },
      "Locked": true,
      "Grid": true,
      "Snap": true,
      "IgnoreFoW": false,
      "Autoraise": true,
      "Sticky": true,
      "Tooltip": true,
      "GridProjection": false,
      "HideWhenFaceDown": false,
      "Hands": false,
      "CustomMesh": {
        "MeshURL": "http://cloud-3.steamusercontent.com/ugc/84845043863414920/9EED599658C77372CC6C10C0B4603AA69634DD99/",
        "DiffuseURL": "http://cloud-3.steamusercontent.com/ugc/84845043863413633/A06C0CB118961517025223D49C8F00401D4A9E54/",
        "NormalURL": "",
        "ColliderURL": "http://cloud-3.steamusercontent.com/ugc/84845043863414920/9EED599658C77372CC6C10C0B4603AA69634DD99/",
        "Convex": true,
        "MaterialIndex": 1,
        "TypeIndex": 1,
        "CastShadows": true
      },
      "XmlUI": "",
      "LuaScript": "",
      "LuaScriptState": "",
      "GUID": "ec1bf3"
    },
    {
      "Name": "Custom_Model",
      "Transform": {
        "posX": 17.9039078,
        "posY": 0.9584315,
        "posZ": -21.35482,
        "rotX": 17.0771732,
        "rotY": 231.355179,
        "rotZ": 275.4566,
        "scaleX": 0.625000358,
        "scaleY": 0.625000358,
        "scaleZ": 0.625000358
      },
      "Nickname": "",
      "Description": "",
      "GMNotes": "",
      "ColorDiffuse": {
        "r": 1.0,
        "g": 1.0,
        "b": 1.0
      },
      "Locked": true,
      "Grid": true,
      "Snap": true,
      "IgnoreFoW": false,
      "Autoraise": true,
      "Sticky": true,
      "Tooltip": true,
      "GridProjection": false,
      "HideWhenFaceDown": false,
      "Hands": false,
      "CustomMesh": {
        "MeshURL": "http://cloud-3.steamusercontent.com/ugc/84845043863414920/9EED599658C77372CC6C10C0B4603AA69634DD99/",
        "DiffuseURL": "http://cloud-3.steamusercontent.com/ugc/84845043863413633/A06C0CB118961517025223D49C8F00401D4A9E54/",
        "NormalURL": "",
        "ColliderURL": "http://cloud-3.steamusercontent.com/ugc/84845043863414920/9EED599658C77372CC6C10C0B4603AA69634DD99/",
        "Convex": true,
        "MaterialIndex": 1,
        "TypeIndex": 1,
        "CastShadows": true
      },
      "XmlUI": "",
      "LuaScript": "",
      "LuaScriptState": "",
      "GUID": "59199e"
    },
    {
      "Name": "Custom_Assetbundle",
      "Transform": {
        "posX": -35.0037155,
        "posY": 1.04167783,
        "posZ": 21.72005,
        "rotX": 359.983124,
        "rotY": -0.0008141196,
        "rotZ": 359.920074,
        "scaleX": 0.6500003,
        "scaleY": 0.6500003,
        "scaleZ": 0.6500003
      },
      "Nickname": "",
      "Description": "",
      "GMNotes": "",
      "ColorDiffuse": {
        "r": 0.8,
        "g": 0.8,
        "b": 0.8
      },
      "Locked": true,
      "Grid": true,
      "Snap": true,
      "IgnoreFoW": false,
      "Autoraise": true,
      "Sticky": true,
      "Tooltip": true,
      "GridProjection": false,
      "HideWhenFaceDown": false,
      "Hands": false,
      "CustomAssetbundle": {
        "AssetbundleURL": "https://drive.google.com/uc?export=download&id=0BwpXdiEgZ5GzNl9aSkJ1ejhTZTQ",
        "AssetbundleSecondaryURL": "",
        "MaterialIndex": 0,
        "TypeIndex": 0,
        "LoopingEffectIndex": 0
      },
      "XmlUI": "",
      "LuaScript": "",
      "LuaScriptState": "",
      "GUID": "f6e396"
    },
    {
      "Name": "Custom_Assetbundle",
      "Transform": {
        "posX": -32.82478,
        "posY": 1.03863525,
        "posZ": 21.703228,
        "rotX": 359.983124,
        "rotY": 359.98584,
        "rotZ": 359.920044,
        "scaleX": 0.6500003,
        "scaleY": 0.6500003,
        "scaleZ": 0.6500003
      },
      "Nickname": "",
      "Description": "",
      "GMNotes": "",
      "ColorDiffuse": {
        "r": 0.8,
        "g": 0.8,
        "b": 0.8
      },
      "Locked": true,
      "Grid": true,
      "Snap": true,
      "IgnoreFoW": false,
      "Autoraise": true,
      "Sticky": true,
      "Tooltip": true,
      "GridProjection": false,
      "HideWhenFaceDown": false,
      "Hands": false,
      "CustomAssetbundle": {
        "AssetbundleURL": "https://drive.google.com/uc?export=download&id=0BwpXdiEgZ5GzNl9aSkJ1ejhTZTQ",
        "AssetbundleSecondaryURL": "",
        "MaterialIndex": 0,
        "TypeIndex": 0,
        "LoopingEffectIndex": 0
      },
      "XmlUI": "",
      "LuaScript": "",
      "LuaScriptState": "",
      "GUID": "d256dd"
    },
    {
      "Name": "Custom_Assetbundle",
      "Transform": {
        "posX": -34.6526,
        "posY": 3.14025378,
        "posZ": 21.8326588,
        "rotX": 0.0168738887,
        "rotY": 179.996674,
        "rotZ": 0.08003054,
        "scaleX": 0.6500003,
        "scaleY": 0.6500003,
        "scaleZ": 0.6500003
      },
      "Nickname": "",
      "Description": "",
      "GMNotes": "",
      "ColorDiffuse": {
        "r": 0.8,
        "g": 0.8,
        "b": 0.8
      },
      "Locked": true,
      "Grid": true,
      "Snap": true,
      "IgnoreFoW": false,
      "Autoraise": true,
      "Sticky": true,
      "Tooltip": true,
      "GridProjection": false,
      "HideWhenFaceDown": false,
      "Hands": false,
      "CustomAssetbundle": {
        "AssetbundleURL": "https://drive.google.com/uc?export=download&id=0BwpXdiEgZ5GzNl9aSkJ1ejhTZTQ",
        "AssetbundleSecondaryURL": "",
        "MaterialIndex": 0,
        "TypeIndex": 0,
        "LoopingEffectIndex": 0
      },
      "XmlUI": "",
      "LuaScript": "",
      "LuaScriptState": "",
      "GUID": "18c32d"
    },
    {
      "Name": "Custom_Model",
      "Transform": {
        "posX": 5.33486557,
        "posY": 0.9769356,
        "posZ": -12.3131247,
        "rotX": 359.920135,
        "rotY": 269.9964,
        "rotZ": 359.9801,
        "scaleX": 0.91135776,
        "scaleY": 0.5935658,
        "scaleZ": 0.482694328
      },
      "Nickname": "",
      "Description": "",
      "GMNotes": "",
      "ColorDiffuse": {
        "r": 0.9999998,
        "g": 0.992160261,
        "b": 0.9999998
      },
      "Locked": true,
      "Grid": true,
      "Snap": true,
      "IgnoreFoW": false,
      "Autoraise": true,
      "Sticky": true,
      "Tooltip": true,
      "GridProjection": false,
      "HideWhenFaceDown": false,
      "Hands": false,
      "CustomMesh": {
        "MeshURL": "https://sites.google.com/site/tabletopsimulator4/wwg_mayhem_streets/transit_wall.obj",
        "DiffuseURL": "https://www.dropbox.com/s/angz0qxl0bu75l2/wall.jpg?dl=1",
        "NormalURL": "",
        "ColliderURL": "https://sites.google.com/site/tabletopsimulator4/wwg_mayhem_streets/transit_wall.obj",
        "Convex": true,
        "MaterialIndex": 3,
        "TypeIndex": 0,
        "CastShadows": true
      },
      "XmlUI": "",
      "LuaScript": "",
      "LuaScriptState": "",
      "PhysicsMaterial": {
        "StaticFriction": 1.0,
        "DynamicFriction": 1.0,
        "Bounciness": 0.0,
        "FrictionCombine": 0,
        "BounceCombine": 0
      },
      "Rigidbody": {
        "Mass": 10.0,
        "Drag": 0.0,
        "AngularDrag": 0.0,
        "UseGravity": true
      },
      "GUID": "2198e5"
    },
    {
      "Name": "Custom_Model",
      "Transform": {
        "posX": 6.187007,
        "posY": 0.9823855,
        "posZ": 14.6602926,
        "rotX": 0.0168178938,
        "rotY": 180.038956,
        "rotZ": 0.0809137,
        "scaleX": 0.625000834,
        "scaleY": 0.625,
        "scaleZ": 0.192345172
      },
      "Nickname": "",
      "Description": "",
      "GMNotes": "",
      "ColorDiffuse": {
        "r": 0.9999998,
        "g": 0.992164552,
        "b": 0.9999998
      },
      "Locked": true,
      "Grid": true,
      "Snap": true,
      "IgnoreFoW": false,
      "Autoraise": true,
      "Sticky": true,
      "Tooltip": true,
      "GridProjection": false,
      "HideWhenFaceDown": false,
      "Hands": false,
      "CustomMesh": {
        "MeshURL": "https://sites.google.com/site/tabletopsimulator4/wwg_mayhem_streets/transit_wall.obj",
        "DiffuseURL": "http://cloud-3.steamusercontent.com/ugc/1018319087584939127/BB2A16FF7EC818BD44D18397945278187B82E748/",
        "NormalURL": "",
        "ColliderURL": "https://sites.google.com/site/tabletopsimulator4/wwg_mayhem_streets/transit_wall.obj",
        "Convex": true,
        "MaterialIndex": 3,
        "TypeIndex": 0,
        "CastShadows": true
      },
      "XmlUI": "",
      "LuaScript": "",
      "LuaScriptState": "",
      "PhysicsMaterial": {
        "StaticFriction": 1.0,
        "DynamicFriction": 1.0,
        "Bounciness": 0.0,
        "FrictionCombine": 0,
        "BounceCombine": 0
      },
      "Rigidbody": {
        "Mass": 10.0,
        "Drag": 0.0,
        "AngularDrag": 0.0,
        "UseGravity": true
      },
      "GUID": "a3d5ff"
    },
    {
      "Name": "Custom_Model",
      "Transform": {
        "posX": 4.36622429,
        "posY": 0.984433055,
        "posZ": 12.7615337,
        "rotX": 0.07987651,
        "rotY": 89.99133,
        "rotZ": 359.979218,
        "scaleX": 0.624994636,
        "scaleY": 0.624994636,
        "scaleZ": 0.183531433
      },
      "Nickname": "",
      "Description": "",
      "GMNotes": "",
      "ColorDiffuse": {
        "r": 0.9999998,
        "g": 0.992164552,
        "b": 0.9999998
      },
      "Locked": true,
      "Grid": true,
      "Snap": true,
      "IgnoreFoW": false,
      "Autoraise": true,
      "Sticky": true,
      "Tooltip": true,
      "GridProjection": false,
      "HideWhenFaceDown": false,
      "Hands": false,
      "CustomMesh": {
        "MeshURL": "https://sites.google.com/site/tabletopsimulator4/wwg_mayhem_streets/transit_wall.obj",
        "DiffuseURL": "http://cloud-3.steamusercontent.com/ugc/1018319087584939127/BB2A16FF7EC818BD44D18397945278187B82E748/",
        "NormalURL": "",
        "ColliderURL": "https://sites.google.com/site/tabletopsimulator4/wwg_mayhem_streets/transit_wall.obj",
        "Convex": true,
        "MaterialIndex": 3,
        "TypeIndex": 0,
        "CastShadows": true
      },
      "XmlUI": "",
      "LuaScript": "",
      "LuaScriptState": "",
      "PhysicsMaterial": {
        "StaticFriction": 1.0,
        "DynamicFriction": 1.0,
        "Bounciness": 0.0,
        "FrictionCombine": 0,
        "BounceCombine": 0
      },
      "Rigidbody": {
        "Mass": 10.0,
        "Drag": 0.0,
        "AngularDrag": 0.0,
        "UseGravity": true
      },
      "GUID": "6cfac4"
    },
    {
      "Name": "Custom_Model",
      "Transform": {
        "posX": 3.24362373,
        "posY": 0.911445,
        "posZ": 3.72382712,
        "rotX": 359.8418,
        "rotY": 179.976059,
        "rotZ": 0.1969116,
        "scaleX": 0.6750003,
        "scaleY": 0.6750003,
        "scaleZ": 0.6750003
      },
      "Nickname": "",
      "Description": "",
      "GMNotes": "",
      "ColorDiffuse": {
        "r": 1.0,
        "g": 1.0,
        "b": 1.0
      },
      "Locked": true,
      "Grid": true,
      "Snap": true,
      "IgnoreFoW": false,
      "Autoraise": true,
      "Sticky": true,
      "Tooltip": true,
      "GridProjection": false,
      "HideWhenFaceDown": false,
      "Hands": false,
      "CustomMesh": {
        "MeshURL": "http://cloud-3.steamusercontent.com/ugc/2440264453843168088/C05EE0C5A601F507D39836C4437638E571AF88A5/",
        "DiffuseURL": "http://cloud-3.steamusercontent.com/ugc/1018319087584939127/BB2A16FF7EC818BD44D18397945278187B82E748/",
        "NormalURL": "",
        "ColliderURL": "http://cloud-3.steamusercontent.com/ugc/2440264453843168088/C05EE0C5A601F507D39836C4437638E571AF88A5/",
        "Convex": false,
        "MaterialIndex": 3,
        "TypeIndex": 0,
        "CastShadows": true
      },
      "XmlUI": "",
      "LuaScript": "",
      "LuaScriptState": "",
      "GUID": "c9792a"
    },
    {
      "Name": "Custom_Model",
      "Transform": {
        "posX": -3.2949276,
        "posY": 0.9221735,
        "posZ": -3.558987,
        "rotX": 359.926636,
        "rotY": 359.944672,
        "rotZ": 359.9568,
        "scaleX": 0.6750003,
        "scaleY": 0.6750003,
        "scaleZ": 0.6750003
      },
      "Nickname": "",
      "Description": "",
      "GMNotes": "",
      "ColorDiffuse": {
        "r": 1.0,
        "g": 1.0,
        "b": 1.0
      },
      "Locked": true,
      "Grid": true,
      "Snap": true,
      "IgnoreFoW": false,
      "Autoraise": true,
      "Sticky": true,
      "Tooltip": true,
      "GridProjection": false,
      "HideWhenFaceDown": false,
      "Hands": false,
      "CustomMesh": {
        "MeshURL": "http://cloud-3.steamusercontent.com/ugc/2440264453843168088/C05EE0C5A601F507D39836C4437638E571AF88A5/",
        "DiffuseURL": "http://cloud-3.steamusercontent.com/ugc/1018319087584939127/BB2A16FF7EC818BD44D18397945278187B82E748/",
        "NormalURL": "",
        "ColliderURL": "http://cloud-3.steamusercontent.com/ugc/2440264453843168088/C05EE0C5A601F507D39836C4437638E571AF88A5/",
        "Convex": false,
        "MaterialIndex": 3,
        "TypeIndex": 0,
        "CastShadows": true
      },
      "XmlUI": "",
      "LuaScript": "",
      "LuaScriptState": "",
      "GUID": "4290fe"
    },
    {
      "Name": "Custom_Assetbundle",
      "Transform": {
        "posX": 21.0724068,
        "posY": 0.9584044,
        "posZ": 4.412148,
        "rotX": 0.04508883,
        "rotY": 45.4363365,
        "rotZ": 359.931854,
        "scaleX": 0.6500003,
        "scaleY": 0.6500003,
        "scaleZ": 0.6500003
      },
      "Nickname": "",
      "Description": "",
      "GMNotes": "",
      "ColorDiffuse": {
        "r": 0.8,
        "g": 0.8,
        "b": 0.8
      },
      "Locked": true,
      "Grid": true,
      "Snap": true,
      "IgnoreFoW": false,
      "Autoraise": true,
      "Sticky": true,
      "Tooltip": true,
      "GridProjection": false,
      "HideWhenFaceDown": false,
      "Hands": false,
      "CustomAssetbundle": {
        "AssetbundleURL": "https://drive.google.com/uc?export=download&id=0BwpXdiEgZ5GzNl9aSkJ1ejhTZTQ",
        "AssetbundleSecondaryURL": "",
        "MaterialIndex": 0,
        "TypeIndex": 0,
        "LoopingEffectIndex": 0
      },
      "XmlUI": "",
      "LuaScript": "",
      "LuaScriptState": "",
      "GUID": "8d0b45"
    },
    {
      "Name": "Custom_Assetbundle",
      "Transform": {
        "posX": 24.6561413,
        "posY": -1.86961377,
        "posZ": 0.815589845,
        "rotX": 0.0797955,
        "rotY": 90.0142441,
        "rotZ": 359.9831,
        "scaleX": 0.355882764,
        "scaleY": 0.355882764,
        "scaleZ": 0.355882764
      },
      "Nickname": "",
      "Description": "",
      "GMNotes": "",
      "ColorDiffuse": {
        "r": 0.8,
        "g": 0.8,
        "b": 0.8
      },
      "Locked": true,
      "Grid": true,
      "Snap": true,
      "IgnoreFoW": false,
      "Autoraise": true,
      "Sticky": true,
      "Tooltip": true,
      "GridProjection": false,
      "HideWhenFaceDown": false,
      "Hands": false,
      "CustomAssetbundle": {
        "AssetbundleURL": "http://cloud-3.steamusercontent.com/ugc/929311994734187155/689E01620DDAF76135C88B44C5491D9E5530BF28/",
        "AssetbundleSecondaryURL": "",
        "MaterialIndex": 0,
        "TypeIndex": 0,
        "LoopingEffectIndex": 0
      },
      "XmlUI": "",
      "LuaScript": "",
      "LuaScriptState": "",
      "GUID": "35e33f"
    },
    {
      "Name": "Custom_Assetbundle",
      "Transform": {
        "posX": 21.1918144,
        "posY": 0.9560889,
        "posZ": -2.88731837,
        "rotX": 0.0683058,
        "rotY": 135.146469,
        "rotZ": 0.0447562672,
        "scaleX": 0.6500003,
        "scaleY": 0.6500003,
        "scaleZ": 0.6500003
      },
      "Nickname": "",
      "Description": "",
      "GMNotes": "",
      "ColorDiffuse": {
        "r": 0.8,
        "g": 0.8,
        "b": 0.8
      },
      "Locked": true,
      "Grid": true,
      "Snap": true,
      "IgnoreFoW": false,
      "Autoraise": true,
      "Sticky": true,
      "Tooltip": true,
      "GridProjection": false,
      "HideWhenFaceDown": false,
      "Hands": false,
      "CustomAssetbundle": {
        "AssetbundleURL": "https://drive.google.com/uc?export=download&id=0BwpXdiEgZ5GzNl9aSkJ1ejhTZTQ",
        "AssetbundleSecondaryURL": "",
        "MaterialIndex": 0,
        "TypeIndex": 0,
        "LoopingEffectIndex": 0
      },
      "XmlUI": "",
      "LuaScript": "",
      "LuaScriptState": "",
      "GUID": "a9b25c"
    },
    {
      "Name": "BlockTriangle",
      "Transform": {
        "posX": -42.0,
        "posY": 2.0,
        "posZ": 0.0,
        "rotX": 4.35099829E-12,
        "rotY": 1.38036056E-12,
        "rotZ": -2.436152E-09,
        "scaleX": 1.0,
        "scaleY": 1.0,
        "scaleZ": 1.0
      },
      "Nickname": "Map extractor",
      "Description": "",
      "GMNotes": "",
      "ColorDiffuse": {
        "r": 0.00539905,
        "g": 0.772058845,
        "b": 0.0
      },
      "Locked": true,
      "Grid": false,
      "Snap": false,
      "IgnoreFoW": false,
      "Autoraise": true,
      "Sticky": true,
      "Tooltip": true,
      "GridProjection": false,
      "HideWhenFaceDown": false,
      "Hands": false,
      "XmlUI": "",
      "LuaScript": "-- Map Extractor\r\nconvertBtn={\r\n    label=\"Convert\", click_function=\"convert\", function_owner=self,\r\n    position={0,1,0}, rotation={0,270,0}, height=1200, width=3500, scale={2,2,2},\r\n    font_size=700, color={0.5,0.5,0.5}, font_color={1,1,1}\r\n}\r\nurlDisplay={\r\n    label=\"The url of the old mat\", input_function=\"none\", function_owner=self,\r\n    alignment=3, position={0,1,0}, rotation={0,270,0}, height=500, width=400,\r\n    font_size=400, tooltip=\"\",\r\n    value=\"\"\r\n}\r\nimageUrl=\"\"\r\nplayZone=nil\r\nplayZoneData={\r\n    type = \"ScriptingTrigger\",\r\n    position          = {x=-18, y=20, z=0.2},\r\n    rotation          = {x=0, y=0, z=0},\r\n    scale             = {x=72.2, y=40, z=48.4},\r\n    sound             = false,\r\n    snap_to_grid      = false,\r\n}\r\n\r\nflexTableGuid=\"bd69bd\"\r\n\r\nfunction onSave()\r\n    saved_data = JSON.encode({svimageUrl=imageUrl})\r\n    --saved_data = \"\"\r\n    return saved_data\r\nend\r\n\r\nfunction onLoad(saved_data)\r\n    if saved_data ~= \"\" then\r\n         local loaded_data = JSON.decode(saved_data)\r\n         imageUrl = loaded_data.svimageUrl\r\n    else\r\n        imageUrl = \"\"\r\n    end\r\n    if imageUrl == \"\" then\r\n        self.createButton(convertBtn)\r\n    else\r\n        urlDisplay.width=string.len(imageUrl)*200\r\n        urlDisplay.value=imageUrl\r\n        self.createInput(urlDisplay)\r\n    end\r\n\r\n\r\nend\r\n\r\nfunction convert()\r\n    local obj_surface = getObjectFromGUID(\"4ee1f2\")\r\n    local customInfo = obj_surface.getCustomObject()\r\n    imageUrl= customInfo.diffuse\r\n    print (imageUrl)\r\n    urlDisplay.width=string.len(imageUrl)*200\r\n    urlDisplay.value=imageUrl\r\n    self.createInput(urlDisplay)\r\n    self.clearButtons()\r\n    --print(\"Converting...\")\r\n    spawnPlayZone()\r\n    Wait.frames(convert2, 3)\r\nend\r\n\r\nfunction convert2()\r\n    --print(\"Starting to delete\")\r\n    deleteTable()\r\n    local allObj=getAllObjects()\r\n    local zoneObj=playZone.getObjects()\r\n    for i, objA in ipairs(allObj) do\r\n        local delete=true\r\n        for j, objZ in ipairs (zoneObj) do\r\n            if objA == objZ or objA == self then\r\n                delete=false\r\n                objZ.setLock(true)\r\n\r\n            end\r\n        end\r\n        if delete then\r\n            objA.destroy()\r\n        end\r\n    end\r\n    moveAll()\r\n    self.setPosition({-42,2,0})\r\n    --self.destroy()\r\nend\r\n\r\nfunction deleteTable()\r\n    --flexTable=getObjectFromGUID(flexTableGuid)\r\n    local guidList = {\r\n        \"afc863\",\"c8edca\",\"393bf7\",\"12c65e\",\"f938a2\",\"9f95fd\",\"35b95f\",\r\n        \"5af8f2\",\"4ee1f2\",\"bd69bd\"\r\n    }\r\n    for i, tbl in ipairs(guidList) do\r\n        getObjectFromGUID(tbl).destroy()\r\n    end\r\nend\r\n\r\nfunction moveAll()\r\n    local toMove=getAllObjects()\r\n    for i, obj in ipairs(toMove) do\r\n        local newPos={}\r\n        newPos={obj.getPosition().x+18,obj.getPosition().y-0.52,obj.getPosition().z}\r\n        obj.setPosition(newPos)\r\n    end\r\nend\r\n\r\nfunction spawnPlayZone()\r\n    playZone=spawnObject(playZoneData)\r\nend\r\n\r\nfunction none()\r\nend",
      "LuaScriptState": "{\"svimageUrl\":\"http://cloud-3.steamusercontent.com/ugc/925930172366472095/1945E5995358278C33E5569A91C6B2735EF58A3E/\"}",
      "GUID": "0c6dc5"
    }
  ],
  "DecalPallet": [],
  "TabStates": {
    "0": {
      "title": "Instructions",
      "body": "Click the white button on the lower left corner of the table (to the bottom and right of the blue players dice roller), copy the template URL and open in a browser to save it.\r\n\r\nEdit the maps background using GIMP or whatever. The black part is the 6'x4' playing area.\r\n\r\nMake a custom tile, and put your map onto it to upload it to the Steam Cloud. Copy this URL.\r\n\r\nClick the white button on the lower left corner of the table, replace the template URL with the Steam Cloud URL of your map. Click \"Apply Image to Table Surface\". Save the game then reload.\r\n\r\nSet up terrain as desired etc.\r\n\r\nSave game, Load Game, Upload to workshop as usual if so desired.\n\nHow to import a table image: https://youtu.be/xKzAf-fu1KQ",
      "color": "Grey",
      "visibleColor": {
        "r": 0.5,
        "g": 0.5,
        "b": 0.5
      },
      "id": 0
    },
    "1": {
      "title": "Credits",
      "body": "*******************Credits*******************\nBaconCatBug's Warhammer 40k Maps - 6'x4' Template (id: 1364668572)\n\n\n\n\nKustom 40k Dice Roller\r by BaconCatBug (id: 959360907)\n\nTactical Objective Decks by GenWilhelm and BaconCatBug (id: 950253690)\n\nTokens by Malice of the Reddit 40k TTS Discord http://discord.gg/XkBbs5M\n(id: 1364449509) \n\nMemory Bag 2.0 by MrStump (id: 953770080)\n\nWargame Rulers by D6 (id: 1255723994)",
      "color": "Grey",
      "visibleColor": {
        "r": 0.5,
        "g": 0.5,
        "b": 0.5
      },
      "id": 1
    }
  },
  "VersionNumber": "v12.2.2"
}