{
  "SaveName": "Ruined Marketplace - 6 x 4",
  "GameMode": "BCB Terrain Generator 2.0",
  "Gravity": 0.5,
  "PlayArea": 0.5,
  "Date": "3/2/2020 7:06:00 PM",
  "Table": "Table_None",
  "Sky": "Sky_Museum",
  "Note": "THIS IS NOT A GAMING TABLE       \nI REPEAT                       \nTHIS IS NOT A GAMING TABLE       \n\nThis is a tool map to make terrain save files for BaconCatBug Template v2.0 or above\n\nFor instructions on how to make your own map, click the Notebook in the top toolbar.\n\nCredits can be found in the Notepad.\n\nCome join us on the TTS Warhammer 40k:\ndiscord.gg/XkBbs5M ",
  "Rules": "",
  "XmlUI": "<!-- Xml UI. See documentation: https://api.tabletopsimulator.com/ui/introUI/ -->",
  "LuaScript": "--",
  "LuaScriptState": "",
  "Grid": {
    "Type": 0,
    "Lines": false,
    "Color": {
      "r": 0.0,
      "g": 0.0,
      "b": 0.0
    },
    "Opacity": 0.75,
    "ThickLines": true,
    "Snapping": false,
    "Offset": false,
    "BothSnapping": false,
    "xSize": 0.5,
    "ySize": 0.5,
    "PosOffset": {
      "x": 0.0,
      "y": 1.0,
      "z": 0.0
    }
  },
  "Lighting": {
    "LightIntensity": 0.54,
    "LightColor": {
      "r": 1.0,
      "g": 0.9804,
      "b": 0.8902
    },
    "AmbientIntensity": 1.3,
    "AmbientType": 0,
    "AmbientSkyColor": {
      "r": 0.5,
      "g": 0.5,
      "b": 0.5
    },
    "AmbientEquatorColor": {
      "r": 0.5,
      "g": 0.5,
      "b": 0.5
    },
    "AmbientGroundColor": {
      "r": 0.5,
      "g": 0.5,
      "b": 0.5
    },
    "ReflectionIntensity": 1.0,
    "LutIndex": 0,
    "LutContribution": 1.0
  },
  "Hands": {
    "Enable": true,
    "DisableUnused": true,
    "Hiding": 2,
    "HandTransforms": []
  },
  "Turns": {
    "Enable": false,
    "Type": 0,
    "TurnOrder": [],
    "Reverse": false,
    "SkipEmpty": false,
    "DisableInteractions": false,
    "PassTurns": true,
    "TurnColor": ""
  },
  "ObjectStates": [
    {
      "Name": "BlockRectangle",
      "Transform": {
        "posX": -38.0,
        "posY": -0.53,
        "posZ": 0.0,
        "rotX": -1.41732551E-06,
        "rotY": -0.00152179354,
        "rotZ": 7.397896E-06,
        "scaleX": 2.0,
        "scaleY": 2.0,
        "scaleZ": 2.0
      },
      "Nickname": "Mat url",
      "Description": "",
      "GMNotes": "",
      "ColorDiffuse": {
        "r": 0.0,
        "g": 0.201567829,
        "b": 0.8235294
      },
      "Locked": true,
      "Grid": true,
      "Snap": true,
      "IgnoreFoW": false,
      "Autoraise": true,
      "Sticky": true,
      "Tooltip": false,
      "GridProjection": false,
      "HideWhenFaceDown": false,
      "Hands": false,
      "XmlUI": "--hi",
      "LuaScript": "function refreshSurface()\r\n    obj_surface = getObjectFromGUID(\"4ee1f2\")\r\nend\r\n\r\nfunction onSave()\r\n    saved_data = JSON.encode({link=url})\r\n    --saved_data = \"\"\r\n    return saved_data\r\nend\r\n\r\nfunction onLoad(saved_data)\r\n\r\n    self.setInvisibleTo({})\r\n    self.interactable=true\r\n    if saved_data ~= \"\" then\r\n         local loaded_data = JSON.decode(saved_data)\r\n         url = loaded_data.link\r\n\r\n    else\r\n         url ='No url'\r\n    end\r\n\r\n    flexControl = getObjectFromGUID('bd69bd')\r\n    obj_surface = getObjectFromGUID(\"4ee1f2\")\r\n    Xoffset=2\r\n    Yoffset=3\r\n    if obj_surface ~= nil and obj_surface.getVar(\"version\")>= 2.0 then\r\n        Wait.frames(changeMat ,5)\r\n    end\r\n    Wait.frames(createUI, 30)\r\nend\r\n\r\nfunction createUI()\r\n    createTitleButton()\r\n    createDisplay()\r\n    --createSetButton()\r\n    createRewriteButton()\r\n    createDeleteButton()\r\nend\r\n\r\nfunction createTitleButton()\r\n    button_parameters = {}\r\n    button_parameters.click_function = 'none'\r\n    button_parameters.function_owner = self\r\n    button_parameters.label = \"Copy/paste the link below to load the mat image \\n (for BCB v2.0 template it's automatic)\"\r\n    button_parameters.position = {0+Xoffset,Yoffset,0}\r\n    button_parameters.rotation = {0,270,0}\r\n    button_parameters.width = 4400\r\n    button_parameters.height = 800\r\n    button_parameters.font_size = 200\r\n    button_parameters.color = 'Black'\r\n    button_parameters.font_color = 'White'\r\n    button_parameters.tooltip=\"\"\r\n    self.createButton(button_parameters)\r\nend\r\n\r\nfunction createDisplay()\r\n    self.createInput({\r\n        label='', input_function=\"none\", function_owner=self,\r\n        alignment=3, position={1.5+Xoffset,Yoffset,0}, rotation = {0,270,0}, height=400, width= string.len(url)*160,\r\n        font_size=300, tooltip=\"\",\r\n        value= url\r\n    })\r\nend\r\n\r\nfunction createSetButton()\r\n    button_parameters = {}\r\n    button_parameters.click_function = 'changeMat'\r\n    button_parameters.function_owner = self\r\n    button_parameters.label = 'SET \\n if autoset didnt worked \\n (for BCB v2.0 template)'\r\n    button_parameters.position = {3.2+Xoffset,Yoffset,3}\r\n    button_parameters.rotation = {0,270,0}\r\n    button_parameters.width = 3000\r\n    button_parameters.height = 800\r\n    button_parameters.font_size = 200\r\n    button_parameters.tooltip=\"Auto set\"\r\n    self.createButton(button_parameters)\r\nend\r\n\r\nfunction createRewriteButton()\r\n    button_parameters = {}\r\n    button_parameters.click_function = 'rewriteUrl'\r\n    button_parameters.function_owner = self\r\n    button_parameters.label = 'SHOW AGAIN URL \\n (in case things went wrong)'\r\n    button_parameters.position = {3.2+Xoffset,Yoffset,0}\r\n    button_parameters.rotation = {0,270,0}\r\n    button_parameters.width = 2600\r\n    button_parameters.height = 800\r\n    button_parameters.font_size = 200\r\n    button_parameters.tooltip=\"Show again\"\r\n    self.createButton(button_parameters)\r\nend\r\n\r\nfunction createDeleteButton()\r\n    button_parameters = {}\r\n    button_parameters.click_function = 'erease'\r\n    button_parameters.function_owner = self\r\n    button_parameters.label = 'Erease this tool \\n when done \\n (can not undo!)'\r\n    button_parameters.position = {5.7+Xoffset,Yoffset,0}\r\n    button_parameters.rotation = {0,270,0}\r\n    button_parameters.width = 2000\r\n    button_parameters.height = 1200\r\n    button_parameters.font_size = 200\r\n    button_parameters.color = 'Black'\r\n    button_parameters.font_color = 'Red'\r\n    button_parameters.tooltip=\"Erease\"\r\n    self.createButton(button_parameters)\r\nend\r\n\r\nfunction retriveUrl()\r\n    obj_surface = getObjectFromGUID(\"4ee1f2\")\r\n    url = obj_surface.getCustomObject().diffuse\r\n    rewriteUrl()\r\nend\r\n\r\nfunction rewriteUrl()\r\n    self.editInput({index=0, value=url})\r\n    self.editInput({index=0, width= string.len(url)*160})\r\n    self.setDescription(\"\")\r\nend\r\n\r\nfunction changeMat(new)\r\n    if url ~= \"\" and url ~= \"No url\" and flexControl ~= nil then\r\n        closeMenu()\r\n        flexControl.call('setControlF')\r\n        Wait.frames(updateSurfaceMat, 5)\r\n    else\r\n        if self.getDescription()==\"\" then\r\n            broadcastToAll(\"Invalid URL or no table\", \"Red\")\r\n        end\r\n    end\r\nend\r\n\r\nfunction setInputValues()\r\n    flexControl.editInput( {index=0, value=\"\"})\r\n    flexControl.editInput( {index=1, value=url})\r\nend\r\n\r\nfunction updateSurfaceMat()\r\n    obj_surface = getObjectFromGUID(\"4ee1f2\")\r\n    local customInfo = obj_surface.getCustomObject()\r\n    customInfo.diffuse = url\r\n    obj_surface.setCustomObject(customInfo)\r\n    obj_surface = obj_surface.reload()\r\n    Wait.frames(erease, 5)\r\nend\r\n\r\nfunction closeMenu()\r\n    flexControl.clearButtons()\r\n    flexControl.clearInputs()\r\n    flexControl.call('createOpenCloseButton')\r\nend\r\n\r\nfunction erease()\r\n    obj_surface.call(\"showMenu\")\r\n    obj_surface.interactable=false\r\n    self.destroy()\r\nend\r\n\r\nfunction none()\r\nend",
      "LuaScriptState": "{\"link\":\"http://cloud-3.steamusercontent.com/ugc/837016417750505885/594C37B742C14511EB3ABDE3751B4515B2D95C96/\"}",
      "GUID": "c5e288"
    },
    {
      "Name": "Custom_Model",
      "Transform": {
        "posX": 21.4529953,
        "posY": 0.7602211,
        "posZ": 13.767952,
        "rotX": 359.955475,
        "rotY": 225.0003,
        "rotZ": 0.06841929,
        "scaleX": 0.8999997,
        "scaleY": 0.8999997,
        "scaleZ": 0.8999997
      },
      "Nickname": "",
      "Description": "",
      "GMNotes": "",
      "ColorDiffuse": {
        "r": 0.9999998,
        "g": 0.992160261,
        "b": 0.9999998
      },
      "Locked": true,
      "Grid": true,
      "Snap": true,
      "IgnoreFoW": false,
      "Autoraise": true,
      "Sticky": true,
      "Tooltip": true,
      "GridProjection": false,
      "HideWhenFaceDown": false,
      "Hands": false,
      "CustomMesh": {
        "MeshURL": "http://cloud-3.steamusercontent.com/ugc/929311994734197114/C2F16CCA4A54D02CE9795E9063F09E35D9F8531F/",
        "DiffuseURL": "http://cloud-3.steamusercontent.com/ugc/929311994734197231/759B8B6133B604BBEA9362F66E5E15D874E4A441/",
        "NormalURL": "http://cloud-3.steamusercontent.com/ugc/929311994734192662/C924D792094E836D3DDDE90890E706188B805368/",
        "ColliderURL": "http://cloud-3.steamusercontent.com/ugc/929311994734197114/C2F16CCA4A54D02CE9795E9063F09E35D9F8531F/",
        "Convex": false,
        "MaterialIndex": 0,
        "TypeIndex": 0,
        "CustomShader": {
          "SpecularColor": {
            "r": 1.0,
            "g": 1.0,
            "b": 1.0
          },
          "SpecularIntensity": 0.0,
          "SpecularSharpness": 2.0,
          "FresnelStrength": 1.0
        },
        "CastShadows": true
      },
      "XmlUI": "",
      "LuaScript": "\nBCBtype = \"terrain\"\n",
      "LuaScriptState": "",
      "GUID": "48f6e8"
    },
    {
      "Name": "Custom_Model",
      "Transform": {
        "posX": -21.7160873,
        "posY": 0.8183832,
        "posZ": -12.0078154,
        "rotX": 0.04461214,
        "rotY": 44.99838,
        "rotZ": 359.93158,
        "scaleX": 0.874999762,
        "scaleY": 0.874999762,
        "scaleZ": 0.874999762
      },
      "Nickname": "",
      "Description": "",
      "GMNotes": "",
      "ColorDiffuse": {
        "r": 0.9999998,
        "g": 0.992160261,
        "b": 0.9999998
      },
      "Locked": true,
      "Grid": true,
      "Snap": true,
      "IgnoreFoW": false,
      "Autoraise": true,
      "Sticky": true,
      "Tooltip": true,
      "GridProjection": false,
      "HideWhenFaceDown": false,
      "Hands": false,
      "CustomMesh": {
        "MeshURL": "http://cloud-3.steamusercontent.com/ugc/929311994734197114/C2F16CCA4A54D02CE9795E9063F09E35D9F8531F/",
        "DiffuseURL": "http://cloud-3.steamusercontent.com/ugc/929311994734197231/759B8B6133B604BBEA9362F66E5E15D874E4A441/",
        "NormalURL": "http://cloud-3.steamusercontent.com/ugc/929311994734192662/C924D792094E836D3DDDE90890E706188B805368/",
        "ColliderURL": "http://cloud-3.steamusercontent.com/ugc/929311994734197114/C2F16CCA4A54D02CE9795E9063F09E35D9F8531F/",
        "Convex": false,
        "MaterialIndex": 0,
        "TypeIndex": 0,
        "CustomShader": {
          "SpecularColor": {
            "r": 1.0,
            "g": 1.0,
            "b": 1.0
          },
          "SpecularIntensity": 0.0,
          "SpecularSharpness": 2.0,
          "FresnelStrength": 1.0
        },
        "CastShadows": true
      },
      "XmlUI": "",
      "LuaScript": "\nBCBtype = \"terrain\"\n",
      "LuaScriptState": "",
      "GUID": "b231f7"
    },
    {
      "Name": "Custom_Model",
      "Transform": {
        "posX": 25.1315079,
        "posY": 0.948440552,
        "posZ": -10.6173973,
        "rotX": 0.0683901757,
        "rotY": 134.998978,
        "rotZ": 0.0445611067,
        "scaleX": 0.7499998,
        "scaleY": 0.7499998,
        "scaleZ": 0.7499998
      },
      "Nickname": "",
      "Description": "",
      "GMNotes": "",
      "ColorDiffuse": {
        "r": 0.9999998,
        "g": 0.992160261,
        "b": 0.9999998
      },
      "Locked": true,
      "Grid": true,
      "Snap": true,
      "IgnoreFoW": false,
      "Autoraise": true,
      "Sticky": true,
      "Tooltip": true,
      "GridProjection": false,
      "HideWhenFaceDown": false,
      "Hands": false,
      "CustomMesh": {
        "MeshURL": "http://cloud-3.steamusercontent.com/ugc/929311994734197373/F0CCAE64268987D68C0F9B56B4058C23A288D6A0/",
        "DiffuseURL": "http://cloud-3.steamusercontent.com/ugc/929311994734197231/759B8B6133B604BBEA9362F66E5E15D874E4A441/",
        "NormalURL": "http://cloud-3.steamusercontent.com/ugc/929311994734192662/C924D792094E836D3DDDE90890E706188B805368/",
        "ColliderURL": "http://cloud-3.steamusercontent.com/ugc/929311994734197373/F0CCAE64268987D68C0F9B56B4058C23A288D6A0/",
        "Convex": false,
        "MaterialIndex": 0,
        "TypeIndex": 0,
        "CustomShader": {
          "SpecularColor": {
            "r": 1.0,
            "g": 1.0,
            "b": 1.0
          },
          "SpecularIntensity": 0.0,
          "SpecularSharpness": 2.0,
          "FresnelStrength": 1.0
        },
        "CastShadows": true
      },
      "XmlUI": "",
      "LuaScript": "\nBCBtype = \"terrain\"\n",
      "LuaScriptState": "",
      "GUID": "bf739b"
    },
    {
      "Name": "Custom_Model",
      "Transform": {
        "posX": -24.3115463,
        "posY": 1.0230689,
        "posZ": 8.73709,
        "rotX": 359.931549,
        "rotY": 315.006775,
        "rotZ": 359.9554,
        "scaleX": 0.7499998,
        "scaleY": 0.7499998,
        "scaleZ": 0.7499998
      },
      "Nickname": "",
      "Description": "",
      "GMNotes": "",
      "ColorDiffuse": {
        "r": 0.9999998,
        "g": 0.992160261,
        "b": 0.9999998
      },
      "Locked": true,
      "Grid": true,
      "Snap": true,
      "IgnoreFoW": false,
      "Autoraise": true,
      "Sticky": true,
      "Tooltip": true,
      "GridProjection": false,
      "HideWhenFaceDown": false,
      "Hands": false,
      "CustomMesh": {
        "MeshURL": "http://cloud-3.steamusercontent.com/ugc/929311994734197373/F0CCAE64268987D68C0F9B56B4058C23A288D6A0/",
        "DiffuseURL": "http://cloud-3.steamusercontent.com/ugc/929311994734197231/759B8B6133B604BBEA9362F66E5E15D874E4A441/",
        "NormalURL": "http://cloud-3.steamusercontent.com/ugc/858349188240694325/C924D792094E836D3DDDE90890E706188B805368/",
        "ColliderURL": "http://cloud-3.steamusercontent.com/ugc/929311994734197373/F0CCAE64268987D68C0F9B56B4058C23A288D6A0/",
        "Convex": false,
        "MaterialIndex": 0,
        "TypeIndex": 0,
        "CustomShader": {
          "SpecularColor": {
            "r": 1.0,
            "g": 1.0,
            "b": 1.0
          },
          "SpecularIntensity": 0.0,
          "SpecularSharpness": 2.0,
          "FresnelStrength": 1.0
        },
        "CastShadows": true
      },
      "XmlUI": "",
      "LuaScript": "\nBCBtype = \"terrain\"\n",
      "LuaScriptState": "",
      "GUID": "a75ad8"
    },
    {
      "Name": "Custom_Model",
      "Transform": {
        "posX": -7.49568939,
        "posY": 0.990756869,
        "posZ": -10.8630228,
        "rotX": 359.9699,
        "rotY": 209.976059,
        "rotZ": 0.0843648538,
        "scaleX": 0.5,
        "scaleY": 0.5,
        "scaleZ": 0.5
      },
      "Nickname": "",
      "Description": "",
      "GMNotes": "",
      "ColorDiffuse": {
        "r": 0.9999998,
        "g": 0.992161334,
        "b": 0.9999998
      },
      "Locked": true,
      "Grid": true,
      "Snap": true,
      "IgnoreFoW": false,
      "Autoraise": true,
      "Sticky": true,
      "Tooltip": true,
      "GridProjection": false,
      "HideWhenFaceDown": false,
      "Hands": false,
      "CustomMesh": {
        "MeshURL": "http://cloud-3.steamusercontent.com/ugc/929311994734197445/4236EB0363E0790B66B1BB33B646E52BF1ED8C81/",
        "DiffuseURL": "http://cloud-3.steamusercontent.com/ugc/929311994734197549/0B159DD166AB7E1C016D34E11E55952B330F4A54/",
        "NormalURL": "",
        "ColliderURL": "http://cloud-3.steamusercontent.com/ugc/858349188241148437/F85DA940E385B1366288B6E415A59572D35046FE/",
        "Convex": true,
        "MaterialIndex": 0,
        "TypeIndex": 0,
        "CustomShader": {
          "SpecularColor": {
            "r": 1.0,
            "g": 1.0,
            "b": 1.0
          },
          "SpecularIntensity": 0.0,
          "SpecularSharpness": 7.0,
          "FresnelStrength": 0.4
        },
        "CastShadows": true
      },
      "XmlUI": "",
      "LuaScript": "\nBCBtype = \"terrain\"\n",
      "LuaScriptState": "",
      "GUID": "01c5df"
    },
    {
      "Name": "Custom_Model",
      "Transform": {
        "posX": -9.286812,
        "posY": 0.993595243,
        "posZ": -9.70367,
        "rotX": 359.971344,
        "rotY": 209.9978,
        "rotZ": 0.08424385,
        "scaleX": 0.5,
        "scaleY": 0.5,
        "scaleZ": 0.5
      },
      "Nickname": "",
      "Description": "",
      "GMNotes": "",
      "ColorDiffuse": {
        "r": 0.9999998,
        "g": 0.992161334,
        "b": 0.9999998
      },
      "Locked": true,
      "Grid": true,
      "Snap": true,
      "IgnoreFoW": false,
      "Autoraise": true,
      "Sticky": true,
      "Tooltip": true,
      "GridProjection": false,
      "HideWhenFaceDown": false,
      "Hands": false,
      "CustomMesh": {
        "MeshURL": "http://cloud-3.steamusercontent.com/ugc/929311994734197445/4236EB0363E0790B66B1BB33B646E52BF1ED8C81/",
        "DiffuseURL": "http://cloud-3.steamusercontent.com/ugc/929311994734197549/0B159DD166AB7E1C016D34E11E55952B330F4A54/",
        "NormalURL": "",
        "ColliderURL": "http://cloud-3.steamusercontent.com/ugc/858349188241148437/F85DA940E385B1366288B6E415A59572D35046FE/",
        "Convex": true,
        "MaterialIndex": 0,
        "TypeIndex": 0,
        "CustomShader": {
          "SpecularColor": {
            "r": 1.0,
            "g": 1.0,
            "b": 1.0
          },
          "SpecularIntensity": 0.0,
          "SpecularSharpness": 7.0,
          "FresnelStrength": 0.4
        },
        "CastShadows": true
      },
      "XmlUI": "",
      "LuaScript": "\nBCBtype = \"terrain\"\n",
      "LuaScriptState": "",
      "GUID": "6ac26c"
    },
    {
      "Name": "Custom_Model",
      "Transform": {
        "posX": -12.9419193,
        "posY": 1.02891755,
        "posZ": -15.5172262,
        "rotX": 359.6348,
        "rotY": 225.015442,
        "rotZ": 359.901978,
        "scaleX": 0.5,
        "scaleY": 0.5,
        "scaleZ": 0.5
      },
      "Nickname": "",
      "Description": "",
      "GMNotes": "",
      "ColorDiffuse": {
        "r": 0.9999998,
        "g": 0.992160261,
        "b": 0.9999998
      },
      "Locked": true,
      "Grid": true,
      "Snap": true,
      "IgnoreFoW": false,
      "Autoraise": true,
      "Sticky": true,
      "Tooltip": true,
      "GridProjection": false,
      "HideWhenFaceDown": false,
      "Hands": false,
      "CustomMesh": {
        "MeshURL": "http://cloud-3.steamusercontent.com/ugc/929311994734162367/6DB0756EB7462E87DA148691D02144E3CBD6D7D5/",
        "DiffuseURL": "http://cloud-3.steamusercontent.com/ugc/858349188240707114/AAE6FB94F26234E33825495781E974CBB52875C3/",
        "NormalURL": "",
        "ColliderURL": "http://cloud-3.steamusercontent.com/ugc/929311994734162367/6DB0756EB7462E87DA148691D02144E3CBD6D7D5/",
        "Convex": true,
        "MaterialIndex": 0,
        "TypeIndex": 0,
        "CustomShader": {
          "SpecularColor": {
            "r": 1.0,
            "g": 1.0,
            "b": 1.0
          },
          "SpecularIntensity": 0.0,
          "SpecularSharpness": 7.0,
          "FresnelStrength": 0.4
        },
        "CastShadows": true
      },
      "XmlUI": "",
      "LuaScript": "\nBCBtype = \"terrain\"\n",
      "LuaScriptState": "",
      "PhysicsMaterial": {
        "StaticFriction": 0.4,
        "DynamicFriction": 0.4,
        "Bounciness": 0.0,
        "FrictionCombine": 0,
        "BounceCombine": 0
      },
      "Rigidbody": {
        "Mass": 0.875,
        "Drag": 0.1,
        "AngularDrag": 0.1,
        "UseGravity": true
      },
      "GUID": "76054e"
    },
    {
      "Name": "Custom_Model",
      "Transform": {
        "posX": -9.882578,
        "posY": 1.0237112,
        "posZ": -18.72267,
        "rotX": 359.725525,
        "rotY": 45.00636,
        "rotZ": 359.765045,
        "scaleX": 0.5,
        "scaleY": 0.5,
        "scaleZ": 0.5
      },
      "Nickname": "",
      "Description": "",
      "GMNotes": "",
      "ColorDiffuse": {
        "r": 0.9999998,
        "g": 0.992160261,
        "b": 0.9999998
      },
      "Locked": true,
      "Grid": true,
      "Snap": true,
      "IgnoreFoW": false,
      "Autoraise": true,
      "Sticky": true,
      "Tooltip": true,
      "GridProjection": false,
      "HideWhenFaceDown": false,
      "Hands": false,
      "CustomMesh": {
        "MeshURL": "http://cloud-3.steamusercontent.com/ugc/929311994734162367/6DB0756EB7462E87DA148691D02144E3CBD6D7D5/",
        "DiffuseURL": "http://cloud-3.steamusercontent.com/ugc/858349188240707114/AAE6FB94F26234E33825495781E974CBB52875C3/",
        "NormalURL": "",
        "ColliderURL": "http://cloud-3.steamusercontent.com/ugc/929311994734162367/6DB0756EB7462E87DA148691D02144E3CBD6D7D5/",
        "Convex": true,
        "MaterialIndex": 0,
        "TypeIndex": 0,
        "CustomShader": {
          "SpecularColor": {
            "r": 1.0,
            "g": 1.0,
            "b": 1.0
          },
          "SpecularIntensity": 0.0,
          "SpecularSharpness": 7.0,
          "FresnelStrength": 0.4
        },
        "CastShadows": true
      },
      "XmlUI": "",
      "LuaScript": "\nBCBtype = \"terrain\"\n",
      "LuaScriptState": "",
      "PhysicsMaterial": {
        "StaticFriction": 0.4,
        "DynamicFriction": 0.4,
        "Bounciness": 0.0,
        "FrictionCombine": 0,
        "BounceCombine": 0
      },
      "Rigidbody": {
        "Mass": 0.875,
        "Drag": 0.1,
        "AngularDrag": 0.1,
        "UseGravity": true
      },
      "GUID": "10289c"
    },
    {
      "Name": "Custom_Model",
      "Transform": {
        "posX": 3.56259155,
        "posY": 0.9744463,
        "posZ": -14.7022448,
        "rotX": 359.950226,
        "rotY": 314.9547,
        "rotZ": 359.9555,
        "scaleX": 0.875,
        "scaleY": 0.875,
        "scaleZ": 0.875
      },
      "Nickname": "",
      "Description": "",
      "GMNotes": "",
      "ColorDiffuse": {
        "r": 0.9999998,
        "g": 0.992160261,
        "b": 0.9999998
      },
      "Locked": true,
      "Grid": false,
      "Snap": false,
      "IgnoreFoW": false,
      "Autoraise": true,
      "Sticky": false,
      "Tooltip": true,
      "GridProjection": false,
      "HideWhenFaceDown": false,
      "Hands": false,
      "CustomMesh": {
        "MeshURL": "http://cloud-3.steamusercontent.com/ugc/929311994734197701/690D454DC27B247D96594631C83BB3B0C4400907/",
        "DiffuseURL": "http://cloud-3.steamusercontent.com/ugc/929311994734197231/759B8B6133B604BBEA9362F66E5E15D874E4A441/",
        "NormalURL": "",
        "ColliderURL": "http://cloud-3.steamusercontent.com/ugc/929311994734197701/690D454DC27B247D96594631C83BB3B0C4400907/",
        "Convex": true,
        "MaterialIndex": 3,
        "TypeIndex": 0,
        "CastShadows": true
      },
      "XmlUI": "",
      "LuaScript": "\nBCBtype = \"terrain\"\n",
      "LuaScriptState": "",
      "GUID": "6eccbf"
    },
    {
      "Name": "Custom_Model",
      "Transform": {
        "posX": 8.341198,
        "posY": 0.9692403,
        "posZ": -9.758076,
        "rotX": 359.950256,
        "rotY": 315.015656,
        "rotZ": 359.9554,
        "scaleX": 0.875,
        "scaleY": 0.875,
        "scaleZ": 0.875
      },
      "Nickname": "",
      "Description": "",
      "GMNotes": "",
      "ColorDiffuse": {
        "r": 0.9999998,
        "g": 0.992160261,
        "b": 0.9999998
      },
      "Locked": true,
      "Grid": false,
      "Snap": false,
      "IgnoreFoW": false,
      "Autoraise": true,
      "Sticky": false,
      "Tooltip": true,
      "GridProjection": false,
      "HideWhenFaceDown": false,
      "Hands": false,
      "CustomMesh": {
        "MeshURL": "http://cloud-3.steamusercontent.com/ugc/929311994734197701/690D454DC27B247D96594631C83BB3B0C4400907/",
        "DiffuseURL": "http://cloud-3.steamusercontent.com/ugc/929311994734197231/759B8B6133B604BBEA9362F66E5E15D874E4A441/",
        "NormalURL": "",
        "ColliderURL": "http://cloud-3.steamusercontent.com/ugc/929311994734197701/690D454DC27B247D96594631C83BB3B0C4400907/",
        "Convex": true,
        "MaterialIndex": 3,
        "TypeIndex": 0,
        "CastShadows": true
      },
      "XmlUI": "",
      "LuaScript": "\nBCBtype = \"terrain\"\n",
      "LuaScriptState": "",
      "GUID": "4a3e07"
    },
    {
      "Name": "Custom_Model",
      "Transform": {
        "posX": -14.17366,
        "posY": 1.00597644,
        "posZ": 8.403871,
        "rotX": 0.08723016,
        "rotY": 135.016113,
        "rotZ": 0.0445872135,
        "scaleX": 0.875,
        "scaleY": 0.875,
        "scaleZ": 0.875
      },
      "Nickname": "",
      "Description": "",
      "GMNotes": "",
      "ColorDiffuse": {
        "r": 0.9999998,
        "g": 0.992160261,
        "b": 0.9999998
      },
      "Locked": true,
      "Grid": false,
      "Snap": false,
      "IgnoreFoW": false,
      "Autoraise": true,
      "Sticky": false,
      "Tooltip": true,
      "GridProjection": false,
      "HideWhenFaceDown": false,
      "Hands": false,
      "CustomMesh": {
        "MeshURL": "http://cloud-3.steamusercontent.com/ugc/929311994734197701/690D454DC27B247D96594631C83BB3B0C4400907/",
        "DiffuseURL": "http://cloud-3.steamusercontent.com/ugc/929311994734197231/759B8B6133B604BBEA9362F66E5E15D874E4A441/",
        "NormalURL": "",
        "ColliderURL": "http://cloud-3.steamusercontent.com/ugc/929311994734197701/690D454DC27B247D96594631C83BB3B0C4400907/",
        "Convex": true,
        "MaterialIndex": 3,
        "TypeIndex": 0,
        "CastShadows": true
      },
      "XmlUI": "",
      "LuaScript": "\nBCBtype = \"terrain\"\n",
      "LuaScriptState": "",
      "GUID": "818d5e"
    },
    {
      "Name": "Custom_Model",
      "Transform": {
        "posX": -9.315958,
        "posY": 1.00064707,
        "posZ": 13.30217,
        "rotX": 0.08721324,
        "rotY": 135.0153,
        "rotZ": 0.0445799343,
        "scaleX": 0.875,
        "scaleY": 0.875,
        "scaleZ": 0.875
      },
      "Nickname": "",
      "Description": "",
      "GMNotes": "",
      "ColorDiffuse": {
        "r": 0.9999998,
        "g": 0.992160261,
        "b": 0.9999998
      },
      "Locked": true,
      "Grid": false,
      "Snap": false,
      "IgnoreFoW": false,
      "Autoraise": true,
      "Sticky": false,
      "Tooltip": true,
      "GridProjection": false,
      "HideWhenFaceDown": false,
      "Hands": false,
      "CustomMesh": {
        "MeshURL": "http://cloud-3.steamusercontent.com/ugc/929311994734197701/690D454DC27B247D96594631C83BB3B0C4400907/",
        "DiffuseURL": "http://cloud-3.steamusercontent.com/ugc/929311994734197231/759B8B6133B604BBEA9362F66E5E15D874E4A441/",
        "NormalURL": "",
        "ColliderURL": "http://cloud-3.steamusercontent.com/ugc/929311994734197701/690D454DC27B247D96594631C83BB3B0C4400907/",
        "Convex": true,
        "MaterialIndex": 3,
        "TypeIndex": 0,
        "CastShadows": true
      },
      "XmlUI": "",
      "LuaScript": "\nBCBtype = \"terrain\"\n",
      "LuaScriptState": "",
      "GUID": "9c1c4d"
    },
    {
      "Name": "Custom_Model",
      "Transform": {
        "posX": 7.280876,
        "posY": 1.01113629,
        "posZ": 19.8311,
        "rotX": 359.7255,
        "rotY": 45.0150642,
        "rotZ": 359.765045,
        "scaleX": 0.5,
        "scaleY": 0.5,
        "scaleZ": 0.5
      },
      "Nickname": "",
      "Description": "",
      "GMNotes": "",
      "ColorDiffuse": {
        "r": 0.9999998,
        "g": 0.992160261,
        "b": 0.9999998
      },
      "Locked": true,
      "Grid": true,
      "Snap": true,
      "IgnoreFoW": false,
      "Autoraise": true,
      "Sticky": true,
      "Tooltip": true,
      "GridProjection": false,
      "HideWhenFaceDown": false,
      "Hands": false,
      "CustomMesh": {
        "MeshURL": "http://cloud-3.steamusercontent.com/ugc/929311994734162367/6DB0756EB7462E87DA148691D02144E3CBD6D7D5/",
        "DiffuseURL": "http://cloud-3.steamusercontent.com/ugc/858349188240707114/AAE6FB94F26234E33825495781E974CBB52875C3/",
        "NormalURL": "",
        "ColliderURL": "http://cloud-3.steamusercontent.com/ugc/929311994734162367/6DB0756EB7462E87DA148691D02144E3CBD6D7D5/",
        "Convex": true,
        "MaterialIndex": 0,
        "TypeIndex": 0,
        "CustomShader": {
          "SpecularColor": {
            "r": 1.0,
            "g": 1.0,
            "b": 1.0
          },
          "SpecularIntensity": 0.0,
          "SpecularSharpness": 7.0,
          "FresnelStrength": 0.4
        },
        "CastShadows": true
      },
      "XmlUI": "",
      "LuaScript": "\nBCBtype = \"terrain\"\n",
      "LuaScriptState": "",
      "PhysicsMaterial": {
        "StaticFriction": 0.4,
        "DynamicFriction": 0.4,
        "Bounciness": 0.0,
        "FrictionCombine": 0,
        "BounceCombine": 0
      },
      "Rigidbody": {
        "Mass": 0.875,
        "Drag": 0.1,
        "AngularDrag": 0.1,
        "UseGravity": true
      },
      "GUID": "21edb8"
    },
    {
      "Name": "Custom_Model",
      "Transform": {
        "posX": 10.5258255,
        "posY": 1.00566459,
        "posZ": 16.6141529,
        "rotX": 359.725555,
        "rotY": 45.0179,
        "rotZ": 359.765045,
        "scaleX": 0.5,
        "scaleY": 0.5,
        "scaleZ": 0.5
      },
      "Nickname": "",
      "Description": "",
      "GMNotes": "",
      "ColorDiffuse": {
        "r": 0.9999998,
        "g": 0.992160261,
        "b": 0.9999998
      },
      "Locked": true,
      "Grid": true,
      "Snap": true,
      "IgnoreFoW": false,
      "Autoraise": true,
      "Sticky": true,
      "Tooltip": true,
      "GridProjection": false,
      "HideWhenFaceDown": false,
      "Hands": false,
      "CustomMesh": {
        "MeshURL": "http://cloud-3.steamusercontent.com/ugc/929311994734162367/6DB0756EB7462E87DA148691D02144E3CBD6D7D5/",
        "DiffuseURL": "http://cloud-3.steamusercontent.com/ugc/858349188240707114/AAE6FB94F26234E33825495781E974CBB52875C3/",
        "NormalURL": "",
        "ColliderURL": "http://cloud-3.steamusercontent.com/ugc/929311994734162367/6DB0756EB7462E87DA148691D02144E3CBD6D7D5/",
        "Convex": true,
        "MaterialIndex": 0,
        "TypeIndex": 0,
        "CustomShader": {
          "SpecularColor": {
            "r": 1.0,
            "g": 1.0,
            "b": 1.0
          },
          "SpecularIntensity": 0.0,
          "SpecularSharpness": 7.0,
          "FresnelStrength": 0.4
        },
        "CastShadows": true
      },
      "XmlUI": "",
      "LuaScript": "\nBCBtype = \"terrain\"\n",
      "LuaScriptState": "",
      "PhysicsMaterial": {
        "StaticFriction": 0.4,
        "DynamicFriction": 0.4,
        "Bounciness": 0.0,
        "FrictionCombine": 0,
        "BounceCombine": 0
      },
      "Rigidbody": {
        "Mass": 0.875,
        "Drag": 0.1,
        "AngularDrag": 0.1,
        "UseGravity": true
      },
      "GUID": "1a10ae"
    },
    {
      "Name": "Custom_Model",
      "Transform": {
        "posX": -5.35287857,
        "posY": 0.8457304,
        "posZ": 22.184164,
        "rotX": 358.4216,
        "rotY": 225.009216,
        "rotZ": 359.057281,
        "scaleX": 1.97499859,
        "scaleY": 1.97499859,
        "scaleZ": 1.97499859
      },
      "Nickname": "",
      "Description": "",
      "GMNotes": "",
      "ColorDiffuse": {
        "r": 0.9999998,
        "g": 0.992160261,
        "b": 0.9999998
      },
      "Locked": true,
      "Grid": true,
      "Snap": true,
      "IgnoreFoW": false,
      "Autoraise": true,
      "Sticky": true,
      "Tooltip": true,
      "GridProjection": false,
      "HideWhenFaceDown": false,
      "Hands": false,
      "CustomMesh": {
        "MeshURL": "http://cloud-3.steamusercontent.com/ugc/929311994734197773/C25FD9199148B6C577470B2C4534A616F9BD3214/",
        "DiffuseURL": "http://cloud-3.steamusercontent.com/ugc/929311994734197231/759B8B6133B604BBEA9362F66E5E15D874E4A441/",
        "NormalURL": "",
        "ColliderURL": "http://cloud-3.steamusercontent.com/ugc/929311994734197773/C25FD9199148B6C577470B2C4534A616F9BD3214/",
        "Convex": false,
        "MaterialIndex": 0,
        "TypeIndex": 0,
        "CustomShader": {
          "SpecularColor": {
            "r": 1.0,
            "g": 1.0,
            "b": 1.0
          },
          "SpecularIntensity": 0.0,
          "SpecularSharpness": 7.0,
          "FresnelStrength": 0.4
        },
        "CastShadows": true
      },
      "XmlUI": "",
      "LuaScript": "\nBCBtype = \"terrain\"\n",
      "LuaScriptState": "",
      "GUID": "ec4a18"
    },
    {
      "Name": "Custom_Model",
      "Transform": {
        "posX": 7.0761013,
        "posY": 0.976062536,
        "posZ": 8.223195,
        "rotX": 359.97168,
        "rotY": 210.010727,
        "rotZ": 0.08341192,
        "scaleX": 0.5,
        "scaleY": 0.5,
        "scaleZ": 0.5
      },
      "Nickname": "",
      "Description": "",
      "GMNotes": "",
      "ColorDiffuse": {
        "r": 0.9999998,
        "g": 0.992161334,
        "b": 0.9999998
      },
      "Locked": true,
      "Grid": true,
      "Snap": true,
      "IgnoreFoW": false,
      "Autoraise": true,
      "Sticky": true,
      "Tooltip": true,
      "GridProjection": false,
      "HideWhenFaceDown": false,
      "Hands": false,
      "CustomMesh": {
        "MeshURL": "http://cloud-3.steamusercontent.com/ugc/929311994734197445/4236EB0363E0790B66B1BB33B646E52BF1ED8C81/",
        "DiffuseURL": "http://cloud-3.steamusercontent.com/ugc/929311994734197549/0B159DD166AB7E1C016D34E11E55952B330F4A54/",
        "NormalURL": "",
        "ColliderURL": "http://cloud-3.steamusercontent.com/ugc/858349188241148437/F85DA940E385B1366288B6E415A59572D35046FE/",
        "Convex": true,
        "MaterialIndex": 0,
        "TypeIndex": 0,
        "CustomShader": {
          "SpecularColor": {
            "r": 1.0,
            "g": 1.0,
            "b": 1.0
          },
          "SpecularIntensity": 0.0,
          "SpecularSharpness": 7.0,
          "FresnelStrength": 0.4
        },
        "CastShadows": true
      },
      "XmlUI": "",
      "LuaScript": "\nBCBtype = \"terrain\"\n",
      "LuaScriptState": "",
      "GUID": "0db72b"
    },
    {
      "Name": "Custom_Model",
      "Transform": {
        "posX": 5.240348,
        "posY": 0.9789314,
        "posZ": 9.274673,
        "rotX": 359.9705,
        "rotY": 209.985275,
        "rotZ": 0.08454587,
        "scaleX": 0.5,
        "scaleY": 0.5,
        "scaleZ": 0.5
      },
      "Nickname": "",
      "Description": "",
      "GMNotes": "",
      "ColorDiffuse": {
        "r": 0.9999998,
        "g": 0.992161334,
        "b": 0.9999998
      },
      "Locked": true,
      "Grid": true,
      "Snap": true,
      "IgnoreFoW": false,
      "Autoraise": true,
      "Sticky": true,
      "Tooltip": true,
      "GridProjection": false,
      "HideWhenFaceDown": false,
      "Hands": false,
      "CustomMesh": {
        "MeshURL": "http://cloud-3.steamusercontent.com/ugc/929311994734197445/4236EB0363E0790B66B1BB33B646E52BF1ED8C81/",
        "DiffuseURL": "http://cloud-3.steamusercontent.com/ugc/929311994734197549/0B159DD166AB7E1C016D34E11E55952B330F4A54/",
        "NormalURL": "",
        "ColliderURL": "http://cloud-3.steamusercontent.com/ugc/858349188241148437/F85DA940E385B1366288B6E415A59572D35046FE/",
        "Convex": true,
        "MaterialIndex": 0,
        "TypeIndex": 0,
        "CustomShader": {
          "SpecularColor": {
            "r": 1.0,
            "g": 1.0,
            "b": 1.0
          },
          "SpecularIntensity": 0.0,
          "SpecularSharpness": 7.0,
          "FresnelStrength": 0.4
        },
        "CastShadows": true
      },
      "XmlUI": "",
      "LuaScript": "\nBCBtype = \"terrain\"\n",
      "LuaScriptState": "",
      "GUID": "422417"
    },
    {
      "Name": "Custom_Model",
      "Transform": {
        "posX": -11.2528725,
        "posY": 0.8131585,
        "posZ": -1.71271944,
        "rotX": 0.06815902,
        "rotY": 134.968964,
        "rotZ": 0.0446347781,
        "scaleX": 0.8499997,
        "scaleY": 0.8499997,
        "scaleZ": 0.8499997
      },
      "Nickname": "",
      "Description": "",
      "GMNotes": "",
      "ColorDiffuse": {
        "r": 0.9999998,
        "g": 0.992160261,
        "b": 0.9999998
      },
      "Locked": true,
      "Grid": true,
      "Snap": true,
      "IgnoreFoW": false,
      "Autoraise": true,
      "Sticky": true,
      "Tooltip": true,
      "GridProjection": false,
      "HideWhenFaceDown": false,
      "Hands": false,
      "CustomMesh": {
        "MeshURL": "http://cloud-3.steamusercontent.com/ugc/929311994734197859/C0B54E1D8A7405EC1213A04AE9713C518C51B261/",
        "DiffuseURL": "http://cloud-3.steamusercontent.com/ugc/929311994734197937/0C388FD23622D529792561E723E20530E21CF629/",
        "NormalURL": "http://cloud-3.steamusercontent.com/ugc/929311994734198024/C1FA047D1FFDF072F23115846F52BA2D4CB751AD/",
        "ColliderURL": "http://cloud-3.steamusercontent.com/ugc/929311994734197859/C0B54E1D8A7405EC1213A04AE9713C518C51B261/",
        "Convex": false,
        "MaterialIndex": 0,
        "TypeIndex": 0,
        "CustomShader": {
          "SpecularColor": {
            "r": 1.0,
            "g": 1.0,
            "b": 1.0
          },
          "SpecularIntensity": 0.0,
          "SpecularSharpness": 2.0,
          "FresnelStrength": 1.0
        },
        "CastShadows": true
      },
      "XmlUI": "",
      "LuaScript": "\nBCBtype = \"terrain\"\n",
      "LuaScriptState": "",
      "GUID": "5a945b"
    },
    {
      "Name": "Custom_Model",
      "Transform": {
        "posX": 11.9314671,
        "posY": 0.8770189,
        "posZ": 1.26446366,
        "rotX": 359.931274,
        "rotY": 315.028473,
        "rotZ": 359.9555,
        "scaleX": 0.827812135,
        "scaleY": 0.8499997,
        "scaleZ": 0.8499997
      },
      "Nickname": "",
      "Description": "",
      "GMNotes": "",
      "ColorDiffuse": {
        "r": 0.9999998,
        "g": 0.992160261,
        "b": 0.9999998
      },
      "Locked": true,
      "Grid": true,
      "Snap": true,
      "IgnoreFoW": false,
      "Autoraise": true,
      "Sticky": true,
      "Tooltip": true,
      "GridProjection": false,
      "HideWhenFaceDown": false,
      "Hands": false,
      "CustomMesh": {
        "MeshURL": "http://cloud-3.steamusercontent.com/ugc/929311994734197859/C0B54E1D8A7405EC1213A04AE9713C518C51B261/",
        "DiffuseURL": "http://cloud-3.steamusercontent.com/ugc/929311994734197937/0C388FD23622D529792561E723E20530E21CF629/",
        "NormalURL": "http://cloud-3.steamusercontent.com/ugc/929311994734198024/C1FA047D1FFDF072F23115846F52BA2D4CB751AD/",
        "ColliderURL": "http://cloud-3.steamusercontent.com/ugc/929311994734197859/C0B54E1D8A7405EC1213A04AE9713C518C51B261/",
        "Convex": false,
        "MaterialIndex": 0,
        "TypeIndex": 0,
        "CustomShader": {
          "SpecularColor": {
            "r": 1.0,
            "g": 1.0,
            "b": 1.0
          },
          "SpecularIntensity": 0.0,
          "SpecularSharpness": 2.0,
          "FresnelStrength": 1.0
        },
        "CastShadows": true
      },
      "XmlUI": "",
      "LuaScript": "\nBCBtype = \"terrain\"\n",
      "LuaScriptState": "",
      "GUID": "43501f"
    },
    {
      "Name": "Custom_Model",
      "Transform": {
        "posX": 3.41235542,
        "posY": 0.7442328,
        "posZ": -21.0798969,
        "rotX": 358.5108,
        "rotY": 44.9998665,
        "rotZ": 358.9203,
        "scaleX": 1.97499859,
        "scaleY": 1.97499859,
        "scaleZ": 1.97499859
      },
      "Nickname": "",
      "Description": "",
      "GMNotes": "",
      "ColorDiffuse": {
        "r": 0.9999998,
        "g": 0.992160261,
        "b": 0.9999998
      },
      "Locked": true,
      "Grid": true,
      "Snap": true,
      "IgnoreFoW": false,
      "Autoraise": true,
      "Sticky": true,
      "Tooltip": true,
      "GridProjection": false,
      "HideWhenFaceDown": false,
      "Hands": false,
      "CustomMesh": {
        "MeshURL": "http://cloud-3.steamusercontent.com/ugc/929311994734197773/C25FD9199148B6C577470B2C4534A616F9BD3214/",
        "DiffuseURL": "http://cloud-3.steamusercontent.com/ugc/929311994734197231/759B8B6133B604BBEA9362F66E5E15D874E4A441/",
        "NormalURL": "",
        "ColliderURL": "http://cloud-3.steamusercontent.com/ugc/929311994734197773/C25FD9199148B6C577470B2C4534A616F9BD3214/",
        "Convex": false,
        "MaterialIndex": 0,
        "TypeIndex": 0,
        "CustomShader": {
          "SpecularColor": {
            "r": 1.0,
            "g": 1.0,
            "b": 1.0
          },
          "SpecularIntensity": 0.0,
          "SpecularSharpness": 7.0,
          "FresnelStrength": 0.4
        },
        "CastShadows": true
      },
      "XmlUI": "",
      "LuaScript": "\nBCBtype = \"terrain\"\n",
      "LuaScriptState": "",
      "GUID": "798875"
    },
    {
      "Name": "Custom_Model",
      "Transform": {
        "posX": 0.545568466,
        "posY": 0.9676566,
        "posZ": -5.08396053,
        "rotX": 359.93927,
        "rotY": 239.980148,
        "rotZ": 0.054570213,
        "scaleX": 1.5999999,
        "scaleY": 1.5999999,
        "scaleZ": 1.5999999
      },
      "Nickname": "",
      "Description": "",
      "GMNotes": "",
      "ColorDiffuse": {
        "r": 0.9999998,
        "g": 0.992160261,
        "b": 0.9999998
      },
      "Locked": true,
      "Grid": false,
      "Snap": false,
      "IgnoreFoW": false,
      "Autoraise": false,
      "Sticky": false,
      "Tooltip": true,
      "GridProjection": false,
      "HideWhenFaceDown": false,
      "Hands": false,
      "CustomMesh": {
        "MeshURL": "http://cloud-3.steamusercontent.com/ugc/929311994734198092/4B7A9C61099FB664BE93500FBCAD94B38D8F436C/",
        "DiffuseURL": "http://cloud-3.steamusercontent.com/ugc/929311994734198171/28877FF961B2F20462B70AD4B9806B93704F42B8/",
        "NormalURL": "",
        "ColliderURL": "http://cloud-3.steamusercontent.com/ugc/929311994734198293/C9DC0255659A7E84A6B39F4585ADB0CDDA83055E/",
        "Convex": true,
        "MaterialIndex": 3,
        "TypeIndex": 0,
        "CastShadows": true
      },
      "XmlUI": "",
      "LuaScript": "\nBCBtype = \"terrain\"\n",
      "LuaScriptState": "",
      "GUID": "b04d41"
    },
    {
      "Name": "Custom_Model",
      "Transform": {
        "posX": 16.3066673,
        "posY": 0.9497907,
        "posZ": -5.30625725,
        "rotX": 359.920135,
        "rotY": 269.998474,
        "rotZ": 0.0168721024,
        "scaleX": 1.57499921,
        "scaleY": 1.57499921,
        "scaleZ": 1.57499921
      },
      "Nickname": "",
      "Description": "",
      "GMNotes": "",
      "ColorDiffuse": {
        "r": 0.9999998,
        "g": 0.992160261,
        "b": 0.9999998
      },
      "Locked": true,
      "Grid": false,
      "Snap": false,
      "IgnoreFoW": false,
      "Autoraise": false,
      "Sticky": false,
      "Tooltip": true,
      "GridProjection": false,
      "HideWhenFaceDown": false,
      "Hands": false,
      "CustomMesh": {
        "MeshURL": "http://cloud-3.steamusercontent.com/ugc/929311994734198366/6E91C689398356425C48138EC9FD73DD213DBE25/",
        "DiffuseURL": "http://cloud-3.steamusercontent.com/ugc/929311994734198171/28877FF961B2F20462B70AD4B9806B93704F42B8/",
        "NormalURL": "",
        "ColliderURL": "http://cloud-3.steamusercontent.com/ugc/929311994734198490/BD5F7318830E1DCA92CFB6A39197A2176105B7D5/",
        "Convex": true,
        "MaterialIndex": 3,
        "TypeIndex": 0,
        "CastShadows": true
      },
      "XmlUI": "",
      "LuaScript": "\nBCBtype = \"terrain\"\n",
      "LuaScriptState": "",
      "GUID": "56c47e"
    },
    {
      "Name": "Custom_Model",
      "Transform": {
        "posX": -20.8728065,
        "posY": 1.00425589,
        "posZ": 3.63544559,
        "rotX": 359.920135,
        "rotY": 269.9983,
        "rotZ": 0.01687146,
        "scaleX": 1.57499921,
        "scaleY": 1.57499921,
        "scaleZ": 1.57499921
      },
      "Nickname": "",
      "Description": "",
      "GMNotes": "",
      "ColorDiffuse": {
        "r": 0.9999998,
        "g": 0.992160261,
        "b": 0.9999998
      },
      "Locked": true,
      "Grid": false,
      "Snap": false,
      "IgnoreFoW": false,
      "Autoraise": false,
      "Sticky": false,
      "Tooltip": true,
      "GridProjection": false,
      "HideWhenFaceDown": false,
      "Hands": false,
      "CustomMesh": {
        "MeshURL": "http://cloud-3.steamusercontent.com/ugc/929311994734198366/6E91C689398356425C48138EC9FD73DD213DBE25/",
        "DiffuseURL": "http://cloud-3.steamusercontent.com/ugc/929311994734198171/28877FF961B2F20462B70AD4B9806B93704F42B8/",
        "NormalURL": "",
        "ColliderURL": "http://cloud-3.steamusercontent.com/ugc/929311994734198490/BD5F7318830E1DCA92CFB6A39197A2176105B7D5/",
        "Convex": true,
        "MaterialIndex": 3,
        "TypeIndex": 0,
        "CastShadows": true
      },
      "XmlUI": "",
      "LuaScript": "\nBCBtype = \"terrain\"\n",
      "LuaScriptState": "",
      "GUID": "edc038"
    },
    {
      "Name": "Custom_Model",
      "Transform": {
        "posX": -0.6756439,
        "posY": 0.9727566,
        "posZ": 6.45345068,
        "rotX": 0.0445501134,
        "rotY": 45.00261,
        "rotZ": 359.93158,
        "scaleX": 1.64999986,
        "scaleY": 1.64999986,
        "scaleZ": 1.64999986
      },
      "Nickname": "",
      "Description": "",
      "GMNotes": "",
      "ColorDiffuse": {
        "r": 0.9999998,
        "g": 0.992160261,
        "b": 0.9999998
      },
      "Locked": true,
      "Grid": false,
      "Snap": false,
      "IgnoreFoW": false,
      "Autoraise": false,
      "Sticky": false,
      "Tooltip": true,
      "GridProjection": false,
      "HideWhenFaceDown": false,
      "Hands": false,
      "CustomMesh": {
        "MeshURL": "http://cloud-3.steamusercontent.com/ugc/929311994734198092/4B7A9C61099FB664BE93500FBCAD94B38D8F436C/",
        "DiffuseURL": "http://cloud-3.steamusercontent.com/ugc/929311994734198171/28877FF961B2F20462B70AD4B9806B93704F42B8/",
        "NormalURL": "",
        "ColliderURL": "http://cloud-3.steamusercontent.com/ugc/929311994734198293/C9DC0255659A7E84A6B39F4585ADB0CDDA83055E/",
        "Convex": true,
        "MaterialIndex": 3,
        "TypeIndex": 0,
        "CastShadows": true
      },
      "XmlUI": "",
      "LuaScript": "\nBCBtype = \"terrain\"\n",
      "LuaScriptState": "",
      "GUID": "d08d9a"
    },
    {
      "Name": "Custom_Model",
      "Transform": {
        "posX": -9.925726,
        "posY": 1.10165608,
        "posZ": -3.38386369,
        "rotX": 358.666779,
        "rotY": 44.8956833,
        "rotZ": 359.745483,
        "scaleX": 0.375000328,
        "scaleY": 0.375000328,
        "scaleZ": 0.375000328
      },
      "Nickname": "",
      "Description": "",
      "GMNotes": "",
      "ColorDiffuse": {
        "r": 1.0,
        "g": 1.0,
        "b": 1.0
      },
      "Locked": true,
      "Grid": true,
      "Snap": true,
      "IgnoreFoW": false,
      "Autoraise": true,
      "Sticky": true,
      "Tooltip": true,
      "GridProjection": false,
      "HideWhenFaceDown": false,
      "Hands": false,
      "CustomMesh": {
        "MeshURL": "http://cloud-3.steamusercontent.com/ugc/929311994734198595/E755E3C94757B4A070ED11981A8A1CA85DC1A268/",
        "DiffuseURL": "http://cloud-3.steamusercontent.com/ugc/929311994734198686/C55DBE897BBABFDFC3856F411A543FBB82335736/",
        "NormalURL": "",
        "ColliderURL": "",
        "Convex": true,
        "MaterialIndex": 2,
        "TypeIndex": 1,
        "CustomShader": {
          "SpecularColor": {
            "r": 0.7372549,
            "g": 0.7372549,
            "b": 0.7372549
          },
          "SpecularIntensity": 0.0,
          "SpecularSharpness": 2.0,
          "FresnelStrength": 0.0
        },
        "CastShadows": true
      },
      "XmlUI": "",
      "LuaScript": "\nBCBtype = \"terrain\"\n",
      "LuaScriptState": "",
      "GUID": "52a9f0"
    },
    {
      "Name": "Custom_Model",
      "Transform": {
        "posX": -2.53517723,
        "posY": 0.3062832,
        "posZ": -19.1008949,
        "rotX": 1.63821614,
        "rotY": 311.656067,
        "rotZ": 355.7796,
        "scaleX": 5.0,
        "scaleY": 5.0,
        "scaleZ": 5.0
      },
      "Nickname": "",
      "Description": "",
      "GMNotes": "",
      "ColorDiffuse": {
        "r": 0.638726652,
        "g": 0.638726652,
        "b": 0.638726652
      },
      "Locked": true,
      "Grid": true,
      "Snap": true,
      "IgnoreFoW": false,
      "Autoraise": true,
      "Sticky": true,
      "Tooltip": true,
      "GridProjection": false,
      "HideWhenFaceDown": false,
      "Hands": false,
      "CustomMesh": {
        "MeshURL": "http://cloud-3.steamusercontent.com/ugc/929311994734183339/3CB483447EA9BA059389C4047A43205B8BF6243B/",
        "DiffuseURL": "http://cloud-3.steamusercontent.com/ugc/266100825038824181/E48D64DEBF4ED3EC63AA025F2002467796BAF3E5/",
        "NormalURL": "",
        "ColliderURL": "",
        "Convex": true,
        "MaterialIndex": 1,
        "TypeIndex": 0,
        "CastShadows": true
      },
      "XmlUI": "",
      "LuaScript": "\nBCBtype = \"terrain\"\n",
      "LuaScriptState": "",
      "GUID": "e99ccf"
    },
    {
      "Name": "Custom_Token",
      "Transform": {
        "posX": 7.62280369,
        "posY": 1.01594782,
        "posZ": 0.674128056,
        "rotX": 359.4378,
        "rotY": 179.1054,
        "rotZ": 358.699829,
        "scaleX": 2.99246836,
        "scaleY": 1.0,
        "scaleZ": 2.99246836
      },
      "Nickname": "",
      "Description": "",
      "GMNotes": "",
      "ColorDiffuse": {
        "r": 1.0,
        "g": 1.0,
        "b": 1.0
      },
      "Locked": true,
      "Grid": true,
      "Snap": true,
      "IgnoreFoW": false,
      "Autoraise": true,
      "Sticky": true,
      "Tooltip": true,
      "GridProjection": false,
      "HideWhenFaceDown": false,
      "Hands": false,
      "CustomImage": {
        "ImageURL": "http://cloud-3.steamusercontent.com/ugc/929311994734163529/2D537B00E3786E57D71CB4989A27B5AE592A1D14/",
        "ImageSecondaryURL": "",
        "ImageScalar": 1.0,
        "WidthScale": 0.0,
        "CustomToken": {
          "Thickness": 0.1,
          "MergeDistancePixels": 15.0,
          "Stackable": false
        }
      },
      "XmlUI": "",
      "LuaScript": "\nBCBtype = \"terrain\"\n",
      "LuaScriptState": "",
      "GUID": "d94b35"
    },
    {
      "Name": "Custom_Token",
      "Transform": {
        "posX": -9.198246,
        "posY": 1.05330372,
        "posZ": -2.69801188,
        "rotX": 359.4378,
        "rotY": 179.1054,
        "rotZ": 358.699829,
        "scaleX": 2.99246836,
        "scaleY": 1.0,
        "scaleZ": 2.99246836
      },
      "Nickname": "",
      "Description": "",
      "GMNotes": "",
      "ColorDiffuse": {
        "r": 1.0,
        "g": 1.0,
        "b": 1.0
      },
      "Locked": true,
      "Grid": true,
      "Snap": true,
      "IgnoreFoW": false,
      "Autoraise": true,
      "Sticky": true,
      "Tooltip": true,
      "GridProjection": false,
      "HideWhenFaceDown": false,
      "Hands": false,
      "CustomImage": {
        "ImageURL": "http://cloud-3.steamusercontent.com/ugc/929311994734163529/2D537B00E3786E57D71CB4989A27B5AE592A1D14/",
        "ImageSecondaryURL": "",
        "ImageScalar": 1.0,
        "WidthScale": 0.0,
        "CustomToken": {
          "Thickness": 0.1,
          "MergeDistancePixels": 15.0,
          "Stackable": false
        }
      },
      "XmlUI": "",
      "LuaScript": "\nBCBtype = \"terrain\"\n",
      "LuaScriptState": "",
      "GUID": "fb7a09"
    },
    {
      "Name": "Custom_Token",
      "Transform": {
        "posX": 0.0252056122,
        "posY": 0.9603535,
        "posZ": 20.0781689,
        "rotX": 0.004345177,
        "rotY": 14.9790573,
        "rotZ": 179.918488,
        "scaleX": 3.27342749,
        "scaleY": 1.0,
        "scaleZ": 3.27342749
      },
      "Nickname": "",
      "Description": "",
      "GMNotes": "",
      "ColorDiffuse": {
        "r": 1.0,
        "g": 1.0,
        "b": 1.0
      },
      "Locked": true,
      "Grid": true,
      "Snap": true,
      "IgnoreFoW": false,
      "Autoraise": true,
      "Sticky": true,
      "Tooltip": true,
      "GridProjection": false,
      "HideWhenFaceDown": false,
      "Hands": false,
      "CustomImage": {
        "ImageURL": "http://cloud-3.steamusercontent.com/ugc/929311994734179763/43261C9555A9EFC11F0B55357B784801F77D4CD2/",
        "ImageSecondaryURL": "",
        "ImageScalar": 1.0,
        "WidthScale": 0.0,
        "CustomToken": {
          "Thickness": 0.1,
          "MergeDistancePixels": 15.0,
          "Stackable": false
        }
      },
      "XmlUI": "",
      "LuaScript": "\nBCBtype = \"terrain\"\n",
      "LuaScriptState": "",
      "GUID": "270eba"
    },
    {
      "Name": "Custom_Token",
      "Transform": {
        "posX": 23.5120182,
        "posY": 1.036001,
        "posZ": 15.3684254,
        "rotX": 0.004345177,
        "rotY": 14.9790573,
        "rotZ": 179.918488,
        "scaleX": 4.8728323,
        "scaleY": 1.0,
        "scaleZ": 4.8728323
      },
      "Nickname": "",
      "Description": "",
      "GMNotes": "",
      "ColorDiffuse": {
        "r": 1.0,
        "g": 1.0,
        "b": 1.0
      },
      "Locked": true,
      "Grid": true,
      "Snap": true,
      "IgnoreFoW": false,
      "Autoraise": true,
      "Sticky": true,
      "Tooltip": true,
      "GridProjection": false,
      "HideWhenFaceDown": false,
      "Hands": false,
      "CustomImage": {
        "ImageURL": "http://cloud-3.steamusercontent.com/ugc/929311994734179763/43261C9555A9EFC11F0B55357B784801F77D4CD2/",
        "ImageSecondaryURL": "",
        "ImageScalar": 1.0,
        "WidthScale": 0.0,
        "CustomToken": {
          "Thickness": 0.1,
          "MergeDistancePixels": 15.0,
          "Stackable": false
        }
      },
      "XmlUI": "",
      "LuaScript": "\nBCBtype = \"terrain\"\n",
      "LuaScriptState": "",
      "GUID": "3671e1"
    },
    {
      "Name": "Custom_Token",
      "Transform": {
        "posX": 23.7781868,
        "posY": 1.04215312,
        "posZ": -14.3098516,
        "rotX": 0.00434517954,
        "rotY": 14.9790611,
        "rotZ": 179.918488,
        "scaleX": 4.8728323,
        "scaleY": 1.0,
        "scaleZ": 4.8728323
      },
      "Nickname": "",
      "Description": "",
      "GMNotes": "",
      "ColorDiffuse": {
        "r": 1.0,
        "g": 1.0,
        "b": 1.0
      },
      "Locked": true,
      "Grid": true,
      "Snap": true,
      "IgnoreFoW": false,
      "Autoraise": true,
      "Sticky": true,
      "Tooltip": true,
      "GridProjection": false,
      "HideWhenFaceDown": false,
      "Hands": false,
      "CustomImage": {
        "ImageURL": "http://cloud-3.steamusercontent.com/ugc/929311994734179763/43261C9555A9EFC11F0B55357B784801F77D4CD2/",
        "ImageSecondaryURL": "",
        "ImageScalar": 1.0,
        "WidthScale": 0.0,
        "CustomToken": {
          "Thickness": 0.1,
          "MergeDistancePixels": 15.0,
          "Stackable": false
        }
      },
      "XmlUI": "",
      "LuaScript": "\nBCBtype = \"terrain\"\n",
      "LuaScriptState": "",
      "GUID": "b9b6fb"
    },
    {
      "Name": "Custom_Token",
      "Transform": {
        "posX": -24.0528488,
        "posY": 1.13992572,
        "posZ": -14.887886,
        "rotX": 0.00434518373,
        "rotY": 14.979064,
        "rotZ": 179.918488,
        "scaleX": 4.8728323,
        "scaleY": 1.0,
        "scaleZ": 4.8728323
      },
      "Nickname": "",
      "Description": "",
      "GMNotes": "",
      "ColorDiffuse": {
        "r": 1.0,
        "g": 1.0,
        "b": 1.0
      },
      "Locked": true,
      "Grid": true,
      "Snap": true,
      "IgnoreFoW": false,
      "Autoraise": true,
      "Sticky": true,
      "Tooltip": true,
      "GridProjection": false,
      "HideWhenFaceDown": false,
      "Hands": false,
      "CustomImage": {
        "ImageURL": "http://cloud-3.steamusercontent.com/ugc/929311994734179763/43261C9555A9EFC11F0B55357B784801F77D4CD2/",
        "ImageSecondaryURL": "",
        "ImageScalar": 1.0,
        "WidthScale": 0.0,
        "CustomToken": {
          "Thickness": 0.1,
          "MergeDistancePixels": 15.0,
          "Stackable": false
        }
      },
      "XmlUI": "",
      "LuaScript": "\nBCBtype = \"terrain\"\n",
      "LuaScriptState": "",
      "GUID": "34a96b"
    },
    {
      "Name": "Custom_Token",
      "Transform": {
        "posX": -23.1721115,
        "posY": 1.1349436,
        "posZ": 14.7564125,
        "rotX": 0.00434518373,
        "rotY": 14.979064,
        "rotZ": 179.918488,
        "scaleX": 4.8728323,
        "scaleY": 1.0,
        "scaleZ": 4.8728323
      },
      "Nickname": "",
      "Description": "",
      "GMNotes": "",
      "ColorDiffuse": {
        "r": 1.0,
        "g": 1.0,
        "b": 1.0
      },
      "Locked": true,
      "Grid": true,
      "Snap": true,
      "IgnoreFoW": false,
      "Autoraise": true,
      "Sticky": true,
      "Tooltip": true,
      "GridProjection": false,
      "HideWhenFaceDown": false,
      "Hands": false,
      "CustomImage": {
        "ImageURL": "http://cloud-3.steamusercontent.com/ugc/929311994734179763/43261C9555A9EFC11F0B55357B784801F77D4CD2/",
        "ImageSecondaryURL": "",
        "ImageScalar": 1.0,
        "WidthScale": 0.0,
        "CustomToken": {
          "Thickness": 0.1,
          "MergeDistancePixels": 15.0,
          "Stackable": false
        }
      },
      "XmlUI": "",
      "LuaScript": "\nBCBtype = \"terrain\"\n",
      "LuaScriptState": "",
      "GUID": "5f1dea"
    },
    {
      "Name": "Custom_Model",
      "Transform": {
        "posX": 12.6711693,
        "posY": 9.229971,
        "posZ": -0.2296125,
        "rotX": 331.203033,
        "rotY": 144.92952,
        "rotZ": 341.941528,
        "scaleX": 1.25,
        "scaleY": 1.25,
        "scaleZ": 1.25
      },
      "Nickname": "",
      "Description": "",
      "GMNotes": "",
      "ColorDiffuse": {
        "r": 0.9999998,
        "g": 0.992160261,
        "b": 0.9999998
      },
      "Locked": true,
      "Grid": true,
      "Snap": true,
      "IgnoreFoW": false,
      "Autoraise": true,
      "Sticky": true,
      "Tooltip": true,
      "GridProjection": false,
      "HideWhenFaceDown": false,
      "Hands": false,
      "CustomMesh": {
        "MeshURL": "http://cloud-3.steamusercontent.com/ugc/264960974882351964/6E6A45AD0B40F03829E0924D2FC46581389E9120/",
        "DiffuseURL": "http://cloud-3.steamusercontent.com/ugc/264960974882339638/713D120DC0F70C6ED9C464A09CCCD99CC4ADB663/",
        "NormalURL": "",
        "ColliderURL": "",
        "Convex": true,
        "MaterialIndex": 1,
        "TypeIndex": 1,
        "CustomShader": {
          "SpecularColor": {
            "r": 0.8745098,
            "g": 0.8117647,
            "b": 0.745098054
          },
          "SpecularIntensity": 0.0,
          "SpecularSharpness": 3.0,
          "FresnelStrength": 0.1
        },
        "CastShadows": true
      },
      "XmlUI": "",
      "LuaScript": "\nBCBtype = \"terrain\"\n",
      "LuaScriptState": "",
      "GUID": "3520e4"
    },
    {
      "Name": "Custom_Assetbundle",
      "Transform": {
        "posX": 10.9988575,
        "posY": 8.995413,
        "posZ": 1.14652741,
        "rotX": 359.993958,
        "rotY": -0.000205437187,
        "rotZ": 359.971375,
        "scaleX": 0.9043054,
        "scaleY": 0.225088432,
        "scaleZ": 0.691120148
      },
      "Nickname": "",
      "Description": "",
      "GMNotes": "",
      "ColorDiffuse": {
        "r": 0.0,
        "g": 0.0,
        "b": 0.0
      },
      "Locked": true,
      "Grid": true,
      "Snap": true,
      "IgnoreFoW": false,
      "Autoraise": true,
      "Sticky": true,
      "Tooltip": true,
      "GridProjection": false,
      "HideWhenFaceDown": false,
      "Hands": false,
      "CustomAssetbundle": {
        "AssetbundleURL": "http://cloud-3.steamusercontent.com/ugc/867365840805090113/0B3D5F79BFA4C3F4509FA5DD9E2F3B91F4B389A0/",
        "AssetbundleSecondaryURL": "",
        "MaterialIndex": 0,
        "TypeIndex": 0,
        "LoopingEffectIndex": 0
      },
      "XmlUI": "",
      "LuaScript": "\nBCBtype = \"terrain\"\n",
      "LuaScriptState": "",
      "GUID": "37c8e4"
    },
    {
      "Name": "Custom_Assetbundle",
      "Transform": {
        "posX": 12.683651,
        "posY": 10.5038767,
        "posZ": -0.42432937,
        "rotX": 359.993958,
        "rotY": 6.631263E-05,
        "rotZ": 359.971283,
        "scaleX": 0.525000453,
        "scaleY": 0.525000453,
        "scaleZ": 0.525000453
      },
      "Nickname": "",
      "Description": "",
      "GMNotes": "",
      "ColorDiffuse": {
        "r": 1.0,
        "g": 0.0,
        "b": 0.0
      },
      "Locked": true,
      "Grid": true,
      "Snap": true,
      "IgnoreFoW": false,
      "Autoraise": true,
      "Sticky": true,
      "Tooltip": true,
      "GridProjection": false,
      "HideWhenFaceDown": false,
      "Hands": false,
      "CustomAssetbundle": {
        "AssetbundleURL": "http://cloud-3.steamusercontent.com/ugc/929311994734198888/3EF7AFBEB749B166360E4967602AA0C7EA06630F/",
        "AssetbundleSecondaryURL": "",
        "MaterialIndex": 0,
        "TypeIndex": 0,
        "LoopingEffectIndex": 0
      },
      "XmlUI": "",
      "LuaScript": "\nBCBtype = \"terrain\"\n",
      "LuaScriptState": "",
      "GUID": "eb15a9"
    },
    {
      "Name": "Custom_Assetbundle",
      "Transform": {
        "posX": 13.17713,
        "posY": 10.806345,
        "posZ": -0.2413122,
        "rotX": -7.04530052E-08,
        "rotY": 0.0157144237,
        "rotZ": 34.98197,
        "scaleX": 0.250000417,
        "scaleY": 0.250000417,
        "scaleZ": 0.250000417
      },
      "Nickname": "",
      "Description": "",
      "GMNotes": "",
      "ColorDiffuse": {
        "r": 0.0,
        "g": 0.0,
        "b": 0.0
      },
      "Locked": true,
      "Grid": true,
      "Snap": true,
      "IgnoreFoW": false,
      "Autoraise": true,
      "Sticky": true,
      "Tooltip": true,
      "GridProjection": false,
      "HideWhenFaceDown": false,
      "Hands": false,
      "CustomAssetbundle": {
        "AssetbundleURL": "http://cloud-3.steamusercontent.com/ugc/867365840805093829/57C1819AE1A7EC8C428A88DA749AFD3F71B0C56B/",
        "AssetbundleSecondaryURL": "",
        "MaterialIndex": 0,
        "TypeIndex": 0,
        "LoopingEffectIndex": 0
      },
      "XmlUI": "",
      "LuaScript": "\nBCBtype = \"terrain\"\n",
      "LuaScriptState": "",
      "GUID": "9426d5"
    },
    {
      "Name": "Custom_Model",
      "Transform": {
        "posX": 26.4893265,
        "posY": 4.62078571,
        "posZ": -13.19531,
        "rotX": 359.931458,
        "rotY": 314.8992,
        "rotZ": 359.9555,
        "scaleX": 0.375000328,
        "scaleY": 0.375000328,
        "scaleZ": 0.375000328
      },
      "Nickname": "",
      "Description": "",
      "GMNotes": "",
      "ColorDiffuse": {
        "r": 1.0,
        "g": 1.0,
        "b": 1.0
      },
      "Locked": true,
      "Grid": true,
      "Snap": true,
      "IgnoreFoW": false,
      "Autoraise": true,
      "Sticky": true,
      "Tooltip": true,
      "GridProjection": false,
      "HideWhenFaceDown": false,
      "Hands": false,
      "CustomMesh": {
        "MeshURL": "http://cloud-3.steamusercontent.com/ugc/929311994734190398/C03DD9E4F3C419FCD9C34EDFE457C6A4BDBF26BD/",
        "DiffuseURL": "http://cloud-3.steamusercontent.com/ugc/929311994734190485/4D2CB7FC914F054FDED035BB3F88962C63EDDA15/",
        "NormalURL": "",
        "ColliderURL": "http://cloud-3.steamusercontent.com/ugc/929311994734190681/BBC549EAD18E67B008822B0B240565FBFAB1E026/",
        "Convex": true,
        "MaterialIndex": 2,
        "TypeIndex": 1,
        "CustomShader": {
          "SpecularColor": {
            "r": 0.7372549,
            "g": 0.7372549,
            "b": 0.7372549
          },
          "SpecularIntensity": 0.0,
          "SpecularSharpness": 2.0,
          "FresnelStrength": 0.0
        },
        "CastShadows": true
      },
      "XmlUI": "",
      "LuaScript": "\nBCBtype = \"terrain\"\n",
      "LuaScriptState": "",
      "GUID": "fae354"
    },
    {
      "Name": "Custom_Model",
      "Transform": {
        "posX": -20.5351143,
        "posY": 1.13209832,
        "posZ": -11.4486637,
        "rotX": 0.0453995764,
        "rotY": 45.0154648,
        "rotZ": 359.9316,
        "scaleX": 1.54999959,
        "scaleY": 2.08439517,
        "scaleZ": 1.54999959
      },
      "Nickname": "",
      "Description": "",
      "GMNotes": "",
      "ColorDiffuse": {
        "r": 0.9999998,
        "g": 0.992160261,
        "b": 0.9999998
      },
      "Locked": true,
      "Grid": true,
      "Snap": true,
      "IgnoreFoW": false,
      "Autoraise": true,
      "Sticky": true,
      "Tooltip": true,
      "GridProjection": false,
      "HideWhenFaceDown": false,
      "Hands": false,
      "CustomMesh": {
        "MeshURL": "http://cloud-3.steamusercontent.com/ugc/929311994734199112/78478A2E8CC70EA8F0DAB10E0B41A06F46A4E7AE/",
        "DiffuseURL": "http://cloud-3.steamusercontent.com/ugc/929311994734199191/5EA49D83181166448118E53B4F3BFFD71ED556FE/",
        "NormalURL": "",
        "ColliderURL": "http://cloud-3.steamusercontent.com/ugc/929311994734199306/633DFFAD7ADBFB7D08D57ECE4E61BDDB936FCEBC/",
        "Convex": true,
        "MaterialIndex": 1,
        "TypeIndex": 0,
        "CastShadows": true
      },
      "XmlUI": "",
      "LuaScript": "\nBCBtype = \"terrain\"\n",
      "LuaScriptState": "",
      "GUID": "bba80b"
    },
    {
      "Name": "Custom_Model",
      "Transform": {
        "posX": 21.37944,
        "posY": 0.8368933,
        "posZ": 12.0524635,
        "rotX": 0.0453995764,
        "rotY": 45.0154648,
        "rotZ": 359.9316,
        "scaleX": 1.63664341,
        "scaleY": 2.23962522,
        "scaleZ": 1.54999959
      },
      "Nickname": "",
      "Description": "",
      "GMNotes": "",
      "ColorDiffuse": {
        "r": 0.9999998,
        "g": 0.992160261,
        "b": 0.9999998
      },
      "Locked": true,
      "Grid": true,
      "Snap": true,
      "IgnoreFoW": false,
      "Autoraise": true,
      "Sticky": true,
      "Tooltip": true,
      "GridProjection": false,
      "HideWhenFaceDown": false,
      "Hands": false,
      "CustomMesh": {
        "MeshURL": "http://cloud-3.steamusercontent.com/ugc/929311994734199112/78478A2E8CC70EA8F0DAB10E0B41A06F46A4E7AE/",
        "DiffuseURL": "http://cloud-3.steamusercontent.com/ugc/929311994734199191/5EA49D83181166448118E53B4F3BFFD71ED556FE/",
        "NormalURL": "",
        "ColliderURL": "http://cloud-3.steamusercontent.com/ugc/929311994734199306/633DFFAD7ADBFB7D08D57ECE4E61BDDB936FCEBC/",
        "Convex": true,
        "MaterialIndex": 1,
        "TypeIndex": 0,
        "CastShadows": true
      },
      "XmlUI": "",
      "LuaScript": "\nBCBtype = \"terrain\"\n",
      "LuaScriptState": "",
      "GUID": "6f39fe"
    },
    {
      "Name": "Custom_Model",
      "Transform": {
        "posX": 27.29864,
        "posY": 0.67219317,
        "posZ": 0.429029375,
        "rotX": 359.920074,
        "rotY": 270.0061,
        "rotZ": 0.0168771241,
        "scaleX": 2.72499824,
        "scaleY": 2.72499824,
        "scaleZ": 2.72499824
      },
      "Nickname": "",
      "Description": "",
      "GMNotes": "",
      "ColorDiffuse": {
        "r": 0.9999998,
        "g": 0.9921631,
        "b": 0.9999998
      },
      "Locked": true,
      "Grid": true,
      "Snap": true,
      "IgnoreFoW": false,
      "Autoraise": true,
      "Sticky": true,
      "Tooltip": true,
      "GridProjection": false,
      "HideWhenFaceDown": false,
      "Hands": false,
      "CustomMesh": {
        "MeshURL": "http://cloud-3.steamusercontent.com/ugc/929311994734199417/CF437C90C9BA5C695512F345F737CE7C525B14B6/",
        "DiffuseURL": "http://cloud-3.steamusercontent.com/ugc/929311994734199515/2D096EAD15C641C30790AD1663F82AFF2DFF5320/",
        "NormalURL": "",
        "ColliderURL": "",
        "Convex": true,
        "MaterialIndex": 1,
        "TypeIndex": 0,
        "CustomShader": {
          "SpecularColor": {
            "r": 0.8745098,
            "g": 0.8117647,
            "b": 0.745098054
          },
          "SpecularIntensity": 0.0,
          "SpecularSharpness": 2.0,
          "FresnelStrength": 0.0
        },
        "CastShadows": true
      },
      "XmlUI": "",
      "LuaScript": "\nBCBtype = \"terrain\"\n",
      "LuaScriptState": "",
      "GUID": "7bb0af"
    },
    {
      "Name": "Custom_Token",
      "Transform": {
        "posX": 26.8096256,
        "posY": 0.910158634,
        "posZ": -1.50153649,
        "rotX": 0.00434518373,
        "rotY": 14.979064,
        "rotZ": 179.918488,
        "scaleX": 2.62859559,
        "scaleY": 1.0,
        "scaleZ": 2.62859559
      },
      "Nickname": "",
      "Description": "",
      "GMNotes": "",
      "ColorDiffuse": {
        "r": 1.0,
        "g": 1.0,
        "b": 1.0
      },
      "Locked": true,
      "Grid": true,
      "Snap": true,
      "IgnoreFoW": false,
      "Autoraise": true,
      "Sticky": true,
      "Tooltip": true,
      "GridProjection": false,
      "HideWhenFaceDown": false,
      "Hands": false,
      "CustomImage": {
        "ImageURL": "http://cloud-3.steamusercontent.com/ugc/929311994734179763/43261C9555A9EFC11F0B55357B784801F77D4CD2/",
        "ImageSecondaryURL": "",
        "ImageScalar": 1.0,
        "WidthScale": 0.0,
        "CustomToken": {
          "Thickness": 0.1,
          "MergeDistancePixels": 15.0,
          "Stackable": false
        }
      },
      "XmlUI": "",
      "LuaScript": "\nBCBtype = \"terrain\"\n",
      "LuaScriptState": "",
      "GUID": "0284e8"
    },
    {
      "Name": "Custom_Model",
      "Transform": {
        "posX": 9.991602,
        "posY": 0.897709846,
        "posZ": -9.950895,
        "rotX": 352.782928,
        "rotY": 237.205444,
        "rotZ": 10.1885843,
        "scaleX": 0.375,
        "scaleY": 0.375,
        "scaleZ": 0.375
      },
      "Nickname": "",
      "Description": "",
      "GMNotes": "",
      "ColorDiffuse": {
        "r": 0.9999998,
        "g": 0.9921661,
        "b": 0.9999998
      },
      "Locked": true,
      "Grid": true,
      "Snap": true,
      "IgnoreFoW": false,
      "Autoraise": true,
      "Sticky": true,
      "Tooltip": true,
      "GridProjection": false,
      "HideWhenFaceDown": false,
      "Hands": false,
      "CustomMesh": {
        "MeshURL": "http://cloud-3.steamusercontent.com/ugc/929311994734199599/7549D1156A0CAD3FC17516D8B341F82EFBA5F796/",
        "DiffuseURL": "http://cloud-3.steamusercontent.com/ugc/929311994734199673/7190DAC06F8A9D60DC96363CA42AB811F6D34CFC/",
        "NormalURL": "",
        "ColliderURL": "http://cloud-3.steamusercontent.com/ugc/929311994734178116/AE54F488BCAF3EDA6CA63CEA98C4081429A2738F/",
        "Convex": true,
        "MaterialIndex": 1,
        "TypeIndex": 0,
        "CustomShader": {
          "SpecularColor": {
            "r": 0.8745098,
            "g": 0.8117647,
            "b": 0.745098054
          },
          "SpecularIntensity": 0.0,
          "SpecularSharpness": 3.0,
          "FresnelStrength": 0.1
        },
        "CastShadows": true
      },
      "XmlUI": "",
      "LuaScript": "\nBCBtype = \"terrain\"\n",
      "LuaScriptState": "",
      "GUID": "8a2c1e"
    },
    {
      "Name": "Custom_Model",
      "Transform": {
        "posX": -7.026987,
        "posY": 1.02565241,
        "posZ": 7.64951,
        "rotX": 359.920044,
        "rotY": 270.022034,
        "rotZ": 0.0168484841,
        "scaleX": 0.5,
        "scaleY": 0.5,
        "scaleZ": 0.5
      },
      "Nickname": "",
      "Description": "",
      "GMNotes": "",
      "ColorDiffuse": {
        "r": 0.9999998,
        "g": 0.9921616,
        "b": 0.9999998
      },
      "Locked": true,
      "Grid": true,
      "Snap": true,
      "IgnoreFoW": false,
      "Autoraise": true,
      "Sticky": true,
      "Tooltip": true,
      "GridProjection": false,
      "HideWhenFaceDown": false,
      "Hands": false,
      "CustomMesh": {
        "MeshURL": "http://cloud-3.steamusercontent.com/ugc/929311994734199777/8B6DCD11F9ECE25235AF3924B000575758F4D0A8/",
        "DiffuseURL": "http://cloud-3.steamusercontent.com/ugc/929311994734199849/AD6B7F4A9BA9E62635F0367A01C89D5C65D8EB1B/",
        "NormalURL": "",
        "ColliderURL": "",
        "Convex": true,
        "MaterialIndex": 0,
        "TypeIndex": 0,
        "CustomShader": {
          "SpecularColor": {
            "r": 1.0,
            "g": 1.0,
            "b": 1.0
          },
          "SpecularIntensity": 0.0,
          "SpecularSharpness": 7.0,
          "FresnelStrength": 0.4
        },
        "CastShadows": true
      },
      "XmlUI": "",
      "LuaScript": "\nBCBtype = \"terrain\"\n",
      "LuaScriptState": "",
      "GUID": "23aad8"
    },
    {
      "Name": "Custom_Model",
      "Transform": {
        "posX": 4.97418976,
        "posY": 1.0056603,
        "posZ": -3.427972,
        "rotX": 359.92,
        "rotY": 270.021881,
        "rotZ": 0.0168475136,
        "scaleX": 0.5,
        "scaleY": 0.5,
        "scaleZ": 0.5
      },
      "Nickname": "",
      "Description": "",
      "GMNotes": "",
      "ColorDiffuse": {
        "r": 0.9999998,
        "g": 0.9921616,
        "b": 0.9999998
      },
      "Locked": true,
      "Grid": true,
      "Snap": true,
      "IgnoreFoW": false,
      "Autoraise": true,
      "Sticky": true,
      "Tooltip": true,
      "GridProjection": false,
      "HideWhenFaceDown": false,
      "Hands": false,
      "CustomMesh": {
        "MeshURL": "http://cloud-3.steamusercontent.com/ugc/929311994734199777/8B6DCD11F9ECE25235AF3924B000575758F4D0A8/",
        "DiffuseURL": "http://cloud-3.steamusercontent.com/ugc/929311994734199849/AD6B7F4A9BA9E62635F0367A01C89D5C65D8EB1B/",
        "NormalURL": "",
        "ColliderURL": "",
        "Convex": true,
        "MaterialIndex": 0,
        "TypeIndex": 0,
        "CustomShader": {
          "SpecularColor": {
            "r": 1.0,
            "g": 1.0,
            "b": 1.0
          },
          "SpecularIntensity": 0.0,
          "SpecularSharpness": 7.0,
          "FresnelStrength": 0.4
        },
        "CastShadows": true
      },
      "XmlUI": "",
      "LuaScript": "\nBCBtype = \"terrain\"\n",
      "LuaScriptState": "",
      "GUID": "f2e5eb"
    },
    {
      "Name": "Custom_Model",
      "Transform": {
        "posX": -23.7634468,
        "posY": 8.584578,
        "posZ": 11.2962961,
        "rotX": 0.020429153,
        "rotY": 269.999969,
        "rotZ": 0.000291156815,
        "scaleX": 2.1,
        "scaleY": 2.1,
        "scaleZ": 2.1
      },
      "Nickname": "",
      "Description": "",
      "GMNotes": "",
      "ColorDiffuse": {
        "r": 0.9999998,
        "g": 0.992165864,
        "b": 0.9999998
      },
      "Locked": true,
      "Grid": true,
      "Snap": true,
      "IgnoreFoW": false,
      "Autoraise": true,
      "Sticky": true,
      "Tooltip": true,
      "GridProjection": false,
      "HideWhenFaceDown": false,
      "Hands": false,
      "CustomMesh": {
        "MeshURL": "http://cloud-3.steamusercontent.com/ugc/929311994734199949/C11CAB3DB5BCAB028F980EA41DB561D7409D040B/",
        "DiffuseURL": "http://cloud-3.steamusercontent.com/ugc/266100825019861466/53DA3E2F59B365BC12E5A397C9E998481AAFD96E/",
        "NormalURL": "http://cloud-3.steamusercontent.com/ugc/929311994734189364/D754D69CB4057F0040E9A19635E2975955F192D1/",
        "ColliderURL": "",
        "Convex": true,
        "MaterialIndex": 1,
        "TypeIndex": 0,
        "CastShadows": true
      },
      "XmlUI": "",
      "LuaScript": "\nBCBtype = \"terrain\"\n",
      "LuaScriptState": "",
      "GUID": "926624"
    },
    {
      "Name": "Custom_Model",
      "Transform": {
        "posX": -0.0596389771,
        "posY": 0.9173322,
        "posZ": 0.759874463,
        "rotX": 0.0253574159,
        "rotY": 30.0118046,
        "rotZ": 359.9224,
        "scaleX": 3.0,
        "scaleY": 3.0,
        "scaleZ": 3.0
      },
      "Nickname": "",
      "Description": "",
      "GMNotes": "",
      "ColorDiffuse": {
        "r": 0.9999998,
        "g": 0.992199242,
        "b": 0.9999998
      },
      "Locked": true,
      "Grid": true,
      "Snap": true,
      "IgnoreFoW": false,
      "Autoraise": true,
      "Sticky": true,
      "Tooltip": true,
      "GridProjection": false,
      "HideWhenFaceDown": false,
      "Hands": false,
      "CustomMesh": {
        "MeshURL": "http://cloud-3.steamusercontent.com/ugc/929311994734200058/C3B9DA8B6855A20ED789E21FACB25AE10A6F1C97/",
        "DiffuseURL": "http://cloud-3.steamusercontent.com/ugc/929311994734200134/9D555D786CF4CB33E91927EE67B7B6D20C4A6D8D/",
        "NormalURL": "",
        "ColliderURL": "",
        "Convex": true,
        "MaterialIndex": 1,
        "TypeIndex": 0,
        "CustomShader": {
          "SpecularColor": {
            "r": 0.8745098,
            "g": 0.8117647,
            "b": 0.745098054
          },
          "SpecularIntensity": 0.0,
          "SpecularSharpness": 2.0,
          "FresnelStrength": 0.0
        },
        "CastShadows": true
      },
      "XmlUI": "",
      "LuaScript": "\nBCBtype = \"terrain\"\n",
      "LuaScriptState": "",
      "GUID": "9be8dc"
    },
    {
      "Name": "Custom_Model",
      "Transform": {
        "posX": -25.1809425,
        "posY": 4.34938049,
        "posZ": 1.215773,
        "rotX": -3.04598217E-07,
        "rotY": 89.98972,
        "rotZ": -4.30375758E-06,
        "scaleX": 3.04999852,
        "scaleY": 3.04999852,
        "scaleZ": 3.04999852
      },
      "Nickname": "",
      "Description": "",
      "GMNotes": "",
      "ColorDiffuse": {
        "r": 1.0,
        "g": 1.0,
        "b": 1.0
      },
      "Locked": true,
      "Grid": true,
      "Snap": true,
      "IgnoreFoW": false,
      "Autoraise": true,
      "Sticky": true,
      "Tooltip": true,
      "GridProjection": false,
      "HideWhenFaceDown": false,
      "Hands": false,
      "CustomMesh": {
        "MeshURL": "http://cloud-3.steamusercontent.com/ugc/929311994734200268/876F3ED39C0072E8A6BE9E33185BD7D8BA030FDE/",
        "DiffuseURL": "http://cloud-3.steamusercontent.com/ugc/929311994734200353/2C0FFA0C1695D1E1576055C45FC9B2C8885568BF/",
        "NormalURL": "",
        "ColliderURL": "http://cloud-3.steamusercontent.com/ugc/929311994734200268/876F3ED39C0072E8A6BE9E33185BD7D8BA030FDE/",
        "Convex": true,
        "MaterialIndex": 1,
        "TypeIndex": 0,
        "CastShadows": true
      },
      "XmlUI": "",
      "LuaScript": "\nBCBtype = \"terrain\"\n",
      "LuaScriptState": "",
      "GUID": "2d9048"
    },
    {
      "Name": "Custom_Model",
      "Transform": {
        "posX": -26.5025177,
        "posY": 1.85536218,
        "posZ": 1.1126374,
        "rotX": 0.0799264237,
        "rotY": 270.000031,
        "rotZ": 180.0336,
        "scaleX": 2.72499824,
        "scaleY": 2.72499824,
        "scaleZ": 2.72499824
      },
      "Nickname": "",
      "Description": "",
      "GMNotes": "",
      "ColorDiffuse": {
        "r": 0.9999998,
        "g": 0.9921631,
        "b": 0.9999998
      },
      "Locked": true,
      "Grid": true,
      "Snap": true,
      "IgnoreFoW": false,
      "Autoraise": true,
      "Sticky": true,
      "Tooltip": true,
      "GridProjection": false,
      "HideWhenFaceDown": false,
      "Hands": false,
      "CustomMesh": {
        "MeshURL": "http://cloud-3.steamusercontent.com/ugc/929311994734199417/CF437C90C9BA5C695512F345F737CE7C525B14B6/",
        "DiffuseURL": "http://cloud-3.steamusercontent.com/ugc/929311994734199515/2D096EAD15C641C30790AD1663F82AFF2DFF5320/",
        "NormalURL": "",
        "ColliderURL": "",
        "Convex": true,
        "MaterialIndex": 1,
        "TypeIndex": 0,
        "CustomShader": {
          "SpecularColor": {
            "r": 0.8745098,
            "g": 0.8117647,
            "b": 0.745098054
          },
          "SpecularIntensity": 0.0,
          "SpecularSharpness": 2.0,
          "FresnelStrength": 0.0
        },
        "CastShadows": true
      },
      "XmlUI": "",
      "LuaScript": "\nBCBtype = \"terrain\"\n",
      "LuaScriptState": "",
      "GUID": "2ca983"
    },
    {
      "Name": "Custom_Model",
      "Transform": {
        "posX": 9.327822,
        "posY": 0.969765544,
        "posZ": -14.8896208,
        "rotX": 359.9183,
        "rotY": 284.9821,
        "rotZ": -0.00436807,
        "scaleX": 1.49999964,
        "scaleY": 1.49999964,
        "scaleZ": 1.49999964
      },
      "Nickname": "",
      "Description": "",
      "GMNotes": "",
      "ColorDiffuse": {
        "r": 0.9999998,
        "g": 0.992163837,
        "b": 0.9999998
      },
      "Locked": true,
      "Grid": true,
      "Snap": true,
      "IgnoreFoW": false,
      "Autoraise": true,
      "Sticky": true,
      "Tooltip": true,
      "GridProjection": false,
      "HideWhenFaceDown": false,
      "Hands": false,
      "CustomMesh": {
        "MeshURL": "http://cloud-3.steamusercontent.com/ugc/929311994734200431/AC93CD786CB92265EEC03CC65E00B4319ECC20D2/",
        "DiffuseURL": "http://cloud-3.steamusercontent.com/ugc/929311994734200578/943CF510F0150933D7661DF0636B27A3D398C68C/",
        "NormalURL": "",
        "ColliderURL": "http://cloud-3.steamusercontent.com/ugc/929311994734200661/7FD4BFC46E8D66D409498C0C6348E63B6E821055/",
        "Convex": true,
        "MaterialIndex": 3,
        "TypeIndex": 0,
        "CastShadows": true
      },
      "XmlUI": "",
      "LuaScript": "\nBCBtype = \"terrain\"\n",
      "LuaScriptState": "",
      "GUID": "140bf2"
    },
    {
      "Name": "Custom_Model",
      "Transform": {
        "posX": -8.684141,
        "posY": 1.00468874,
        "posZ": 19.760767,
        "rotX": 359.92,
        "rotY": 269.9657,
        "rotZ": 0.0167715475,
        "scaleX": 1.34999979,
        "scaleY": 1.34999979,
        "scaleZ": 1.34999979
      },
      "Nickname": "",
      "Description": "",
      "GMNotes": "",
      "ColorDiffuse": {
        "r": 0.9999998,
        "g": 0.9921693,
        "b": 0.9999998
      },
      "Locked": true,
      "Grid": true,
      "Snap": true,
      "IgnoreFoW": false,
      "Autoraise": true,
      "Sticky": true,
      "Tooltip": true,
      "GridProjection": false,
      "HideWhenFaceDown": false,
      "Hands": false,
      "CustomMesh": {
        "MeshURL": "http://cloud-3.steamusercontent.com/ugc/929311994734200746/647103E027B3C2A1E27EC5EE497D7035FE09DACF/",
        "DiffuseURL": "http://cloud-3.steamusercontent.com/ugc/929311994734200839/3080DA38D43F5DB9BACAC123D0C9AB3789F142FF/",
        "NormalURL": "",
        "ColliderURL": "http://cloud-3.steamusercontent.com/ugc/929311994734200910/0D0673F802B76CDEA5D73881769C88E0A1324189/",
        "Convex": true,
        "MaterialIndex": 3,
        "TypeIndex": 0,
        "CastShadows": true
      },
      "XmlUI": "",
      "LuaScript": "\nBCBtype = \"terrain\"\n",
      "LuaScriptState": "",
      "GUID": "614a48"
    },
    {
      "Name": "Custom_Model",
      "Transform": {
        "posX": 15.5613976,
        "posY": 0.966620445,
        "posZ": 7.62537766,
        "rotX": 0.08005961,
        "rotY": 89.97754,
        "rotZ": 359.983124,
        "scaleX": 1.39999974,
        "scaleY": 1.39999974,
        "scaleZ": 1.39999974
      },
      "Nickname": "",
      "Description": "",
      "GMNotes": "",
      "ColorDiffuse": {
        "r": 0.9999998,
        "g": 0.992171347,
        "b": 0.9999998
      },
      "Locked": true,
      "Grid": true,
      "Snap": true,
      "IgnoreFoW": false,
      "Autoraise": true,
      "Sticky": true,
      "Tooltip": true,
      "GridProjection": false,
      "HideWhenFaceDown": false,
      "Hands": false,
      "CustomMesh": {
        "MeshURL": "http://cloud-3.steamusercontent.com/ugc/929311994734200999/4B9D5218CD1DE07AD1E8247CE685CB430875E446/",
        "DiffuseURL": "http://cloud-3.steamusercontent.com/ugc/929311994734201079/25DB4101678D213CC118130739B694897FDB4CA7/",
        "NormalURL": "",
        "ColliderURL": "http://cloud-3.steamusercontent.com/ugc/929311994734201168/40DE046C6D5222B02C1051F4D970EFE1837CA63D/",
        "Convex": true,
        "MaterialIndex": 3,
        "TypeIndex": 0,
        "CastShadows": true
      },
      "XmlUI": "",
      "LuaScript": "\nBCBtype = \"terrain\"\n",
      "LuaScriptState": "",
      "GUID": "db7ab7"
    },
    {
      "Name": "Custom_Token",
      "Transform": {
        "posX": -0.7997074,
        "posY": 1.03211749,
        "posZ": 1.04469514,
        "rotX": 359.4378,
        "rotY": 179.1054,
        "rotZ": 358.699829,
        "scaleX": 1.99309206,
        "scaleY": 1.0,
        "scaleZ": 1.99309206
      },
      "Nickname": "",
      "Description": "",
      "GMNotes": "",
      "ColorDiffuse": {
        "r": 1.0,
        "g": 1.0,
        "b": 1.0
      },
      "Locked": true,
      "Grid": true,
      "Snap": true,
      "IgnoreFoW": false,
      "Autoraise": true,
      "Sticky": true,
      "Tooltip": true,
      "GridProjection": false,
      "HideWhenFaceDown": false,
      "Hands": false,
      "CustomImage": {
        "ImageURL": "http://cloud-3.steamusercontent.com/ugc/929311994734163529/2D537B00E3786E57D71CB4989A27B5AE592A1D14/",
        "ImageSecondaryURL": "",
        "ImageScalar": 1.0,
        "WidthScale": 0.0,
        "CustomToken": {
          "Thickness": 0.1,
          "MergeDistancePixels": 15.0,
          "Stackable": false
        }
      },
      "XmlUI": "",
      "LuaScript": "\nBCBtype = \"terrain\"\n",
      "LuaScriptState": "",
      "GUID": "8985ae"
    }
  ],
  "DecalPallet": [],
  "TabStates": {
    "0": {
      "title": "Instructions",
      "body": "TERRAIN BUILDER\r\n\r\nNOTES\r\n\r\n\r\n[BCS] Phubar made another map to prepare the terrain. You can use it to place terrain and save only the terrain pieces in one file so you open any save file based on this template or any further version of this template and import the terrain that you want by additive loading the file. The mat image will be then applied automatically or you can copy the URL of the mat used for the terrain creation and then use it to change your mat.\r\n\nSave game, Load Game, Upload to workshop as usual if so desired. If you do upload to the Workshop, it would be appreciated if you could use the format “Map Name – BCB Map 4’x6’ Additive Load”, changing the dimensions if needed, just so there is an easy search term on the workshop.\r\n\r\nThe main advantage of this style of map is that you no longer need to update your maps whenever the base template changes, you only ever need to edit your custom terrain. No more need to manually update dozens of maps every time a new rulebook is released!\n\r\nINSTRUCTIONS FOR THE TERRAIN EDITOR\r\n\r\nThis map is made to prepare terrain for the BaconCatBug Template v2.0 or later versions but works with other templates too if the gaming mat position is 0,0,0\r\n\r\nPREPARING THE TERRAIN:\r\n\r\nPrepare your terrains as if this were the gaming table, be sure that all elements are totally inside the gaming mat, any parts outside of the battlefield will not be saved.\r\n\r\nThe battle mat is a modified \"Flex Table\" (by MrStump) with fixed dimensions. You can change the background of the mat by clicking on the white button on one of the legs and paste the URL of the image.\r\n\nYou can store URLs in memory by adding them individually so you can recall them easily if you want to make a local version with stored images.\r\n\r\nAn improvement in version 2 is that you now only need to provide the image of the battle mat itself, you don’t need to edit a massive image containing the felt part. For best results, use an image with the correct ratio!\r\n\r\nThere are some preset mats, so you already have something to work with, but feel free to use any URL that you like.\r\n\r\nWhen the terrain and the mat are ready, press the \"Export\" button and confirm.\nYou will then have a map only with the terrain features and a blue brick that is a service token used to store the URL of the mat image. This brick is invisible and not interactable but it has its own menu that will display when loading the terrain.\r\n\r\nAll outside the gaming mat will be deleted.\r\n\r\nSave the map in another local save file or upload it to the workshop.\r\n\r\n\r\nLOADING THE TERRAIN:\r\n\r\nOpen the gaming template then make an ADDITIVE LOAD of the terrain map saved or present in the workshop.\r\n\r\nThe terrain will be put on the gaming mat and the mat image will change automatically.\r\nIn case it doesn't works you can copy the URL and apply it manually using the \"Flex Table\" menu.\r\n\r\nWhen done you can erase the menu showing the saved URL by clicking the proper button. It's NOT reversible.",
      "color": "Grey",
      "visibleColor": {
        "r": 0.5,
        "g": 0.5,
        "b": 0.5
      },
      "id": 0
    },
    "1": {
      "title": "Credits",
      "body": "*******************Credits*******************\nBaconCatBug's Warhammer 40k Maps - 6'x4' Template (id: 1364668572)\n\nFlex Table (id: 1169112551)\n\n",
      "color": "Grey",
      "visibleColor": {
        "r": 0.5,
        "g": 0.5,
        "b": 0.5
      },
      "id": 1
    }
  },
  "VersionNumber": "v12.2.2"
}